EL_KEY;EL_KEY2;EL_DESC;EL_DESC2;EL_DESCS;EL_ART1;EL_ART2;EL_ART3;EL_ART4;EL_ART5;EL_MAT1_KEY;EL_MAT2_KEY;EL_MAT1_QTY;EL_MAT2_QTY;EL_MAT1_THK;EL_MAT2_THK;EL_EF_MAT;EL_EF_THK;EL_EF_RIB;EL_EF_LENP;EL_EF_BA;EL_EF_CNC;EL_EF_ET;EL_EB_MAT;EL_EB_THK;EL_EB_RIB;EL_EB_LENP;EL_EB_BA;EL_EB_CNC;EL_EB_ET;EL_EL_MAT;EL_EL_THK;EL_EL_RIB;EL_EL_LENP;EL_EL_BA;EL_EL_CNC;EL_EL_ET;EL_ER_MAT;EL_ER_THK;EL_ER_RIB;EL_ER_LENP;EL_ER_BA;EL_ER_CNC;EL_ER_ET;EL_SUR_F;EL_SUR_B;EL_VAR_F;EL_VAR_B;EL_CORNER1;EL_CORNER2;EL_CORNER3;EL_CORNER4;EL_SURFACE;EL_SUR_RAD;EL_SUR_OVERDIM;EL_TEXTURE;EL_GROUP;EL_LAYER;EL_COR_OD_LL;EL_COR_OD_LR;EL_COR_OD_WF;EL_COR_OD_WB;EL_COR_OD_T;EL_MAT_OD;EL_CNC;EL_OVER_QTY;EL_CNC_PROG1;EL_CNC_PROG2;EL_CNC_PROG3;EL_CNC_PROG4;EL_PIC;EL_PLAN;EL_REMARK;EL_REMARK2;EL_REMARK3;EL_BOX;EL_BOX2;EL_MEMO;EL_DIFF_FAC;EL_NR;EL_SUR_F2;EL_SUR_B2;EL_USE_SF;EL_USE_SB;EL_SAW;EL_COLOUR;EL_LIN_WID;EL_PRODUCTION_TYPE;EL_ID;EL_MON_OD_LL;EL_MON_OD_LR;EL_MON_OD_WF;EL_MON_OD_WB;EL_MAC;EL_CUSTOM01;EL_CUSTOM02;EL_CUSTOM03;EL_CUSTOM04;EL_CUSTOM05;EL_CUSTOM06;EL_CUSTOM07;EL_CUSTOM08;EL_CUSTOM09;EL_CUSTOM10;EL_MUL_WITH_POS_QTY;EL_DIRLINE;EL_CHANGESIDES;EL_DEF_TEXTURE;EL_BLOK_ID;EL_BLOK_ELEM_ID;EL_PIC_FILE;EL_PIC_FILE2
1VEZH2_PSXX;;VEZ HORIZONTALNI - kant 2;Prednji/Donji Stražnji/Gornji;;54;;;;;1IL18;;1;0;18;0;4ABS10;1;0;0;0;0;;4ABS10;1;0;0;0;0;;;0;0;0;0;0;;;0;0;0;0;0;;;;;;0;0;0;0;0;0;;0;1;4026531840;0;0;0;0;0;1;1;0;;;;;;;;;;;;System.Byte[];1;0;;;1;1;1;-16777216;4026531840;0;908;;;;;;;;;;;;;;;;1;1;0;1;;;;
2PREGH2_PXXD;;PREGRADA HORIZONTALNA - kant 2;Prednji Desni;;54;;;;;1IL18;;1;0;18;0;4ABS10;1;0;0;0;0;;;0;0;0;0;0;;;0;0;0;0;0;;4ABS10;1;0;0;0;0;;;;;;0;0;1;-1;0;0;;0;1;4026531840;0;0;0;0;0;1;1;0;;;;;;;;;;;;System.Byte[];1;0;;;1;1;1;-16777216;4026531840;0;915;;;;;;;;;;;;;;;;1;1;0;1;;;;
1VEZV1_XSXX;;VEZ VERTIKALNI - kant 1;Stražnji/Lijevi;;54;;;;;1IL18;;1;0;18;0;;0;0;0;0;0;;4ABS10;1;0;0;0;0;;;0;0;0;0;0;;;0;0;0;0;0;;;;;;-1;-1;0;0;0;0;;0;1;4026531840;0;0;0;0;0;1;1;0;;;;;;;;;;;;System.Byte[];1;0;;;1;1;1;-16777216;4026531840;0;909;;;;;;;;;;;;;;;;1;1;0;1;;;;
2POL1_PXXX;;POLICA - kant 1;Prednji;;54;;;;;1IL18;;1;0;18;0;4ABS10;1;0;0;0;0;;;0;0;0;0;0;;;0;0;0;0;0;;;0;0;0;0;0;;;;;;0;0;-1;-1;0;0;;0;1;4026531840;0;0;0;0;0;1;1;0;;;;;;;;;;;;System.Byte[];1;0;;;1;1;1;-16777216;4026531840;0;912;;;;;;;;;;;;;;;;1;1;0;1;;;;
1VEZV1_PXXX;;VEZ VERTIKALNI - kant 1;Prednji/Desni;;54;;;;;1IL18;;1;0;18;0;4ABS10;1;0;0;0;0;;;0;0;0;0;0;;;0;0;0;0;0;;;0;0;0;0;0;;;;;;0;0;-1;-1;0;0;;0;1;4026531840;0;0;0;0;0;1;1;0;;;;;;;;;;;;System.Byte[];1;0;;;1;1;1;-16777216;4026531840;0;910;;;;;;;;;;;;;;;;1;1;0;1;;;;
1VEZV2_PSXX;;VEZ VERTIKALNI - kant 2;Prednji/Desni Stražnji/Lijevi;;54;;;;;1IL18;;1;0;19;0;4ABS10;1;0;0;0;0;;4ABS10;1;0;0;0;0;;;0;0;0;0;0;;;0;0;0;0;0;;;;;;0;0;0;0;0;;;0;1;4026531840;0;0;0;0;0;1;0;0;;;;;;;;;;;;System.Byte[];1;0;;;1;1;1;-16777216;4026531840;0;911;;;;;;;;;;;;;;;;1;1;0;1;;;;
2PREG1_PXXX;;PREGRADA - kant 1;Prednji;;54;;;;;1IL18;;1;0;18;0;4ABS10;1;0;0;0;0;;;0;0;0;0;0;;;0;0;0;0;0;;;0;0;0;0;0;;;;;;0;0;-1;-1;0;0;;0;1;4026531840;0;0;0;0;0;1;1;0;;;;;;;;;;;;System.Byte[];1;0;;;1;1;1;-16777216;4026531840;0;913;;;;;;;;;;;;;;;;1;1;0;1;;;;
2PREGH1_PXXX;;PREGRADA HORIZONTALNA - kant 1;Prednji;;54;;;;;1IL18;;1;0;18;0;4ABS10;1;0;0;0;0;;;0;0;0;0;0;;;0;0;0;0;0;;;0;0;0;0;0;;;;;;0;0;-1;-1;0;0;;0;1;4026531840;0;0;0;0;0;1;1;0;;;;;;;;;;;;System.Byte[];1;0;;;1;1;1;-16777216;4026531840;0;914;;;;;;;;;;;;;;;;1;1;0;1;;;;
2PREGH2_PXLX;;PREGRADA HORIZONTALNA - kant 2;Prednji Lijevi;;54;;;;;1IL18;;1;0;18;0;4ABS10;1;0;0;0;0;;;0;0;0;0;0;;4ABS10;1;0;0;0;0;;;0;0;0;0;0;;;;;;0;0;-1;1;0;0;;0;1;4026531840;0;0;0;0;0;1;1;0;;;;;;;;;;;;System.Byte[];1;0;;;1;1;1;-16777216;4026531840;0;916;;;;;;;;;;;;;;;;1;1;0;1;;;;
2PREGV1_PXXX;;PREGRADA VERTIKALNA- kant 1;Prednji;;54;;;;;1IL18;;1;0;18;0;4ABS10;1;0;0;0;0;;;0;0;0;0;0;;;0;0;0;0;0;;;0;0;0;0;0;;;;;;0;0;-1;-1;0;0;;0;1;4026531840;0;0;0;0;0;1;1;0;;;;;;;;;;;;System.Byte[];1;0;;;1;1;1;-16777216;4026531840;0;917;;;;;;;;;;;;;;;;1;1;0;1;;;;
3LADPZ1_XGXX;;LADICA PREDNJI I ZADNJI - kant 1;Gornji;;54;;;;;1IL16;;1;0;16;0;;0;0;0;0;0;;4ABS10;1;0;0;0;0;;;0;0;0;0;0;;;0;0;0;0;0;;;;;;-1;-1;0;0;0;0;;0;1;4026531840;0;0;0;0;0;1;1;0;;;;;;;;;;;;System.Byte[];1;0;;;1;1;1;-16777216;4026531840;0;918;;;;;;;;;;;;;;;;1;1;0;1;;;;
3LADPODP1_XSXX;;LADICA POD - kant 1;Stražnji;;54;;;;;1IL16;;1;0;16;0;;0;0;0;0;0;;4ABS10;1;0;0;0;0;;;0;0;0;0;0;;;0;0;0;0;0;;;;;;-1;-1;0;0;0;0;;0;1;4026531840;0;0;0;0;0;1;1;0;;;;;;;;;;;;System.Byte[];1;0;;;1;1;1;-16777216;4026531840;0;919;;;;;;;;;;;;;;;;1;1;0;1;;;;
3LADPODP1_PXXX;;LADICA POD - kant 1;Prednji;;54;;;;;1IL16;;1;0;16;0;4ABS10;1;0;0;0;0;;;0;0;0;0;0;;;0;0;0;0;0;;;0;0;0;0;0;;;;;;0;0;-1;-1;0;0;;0;1;4026531840;0;0;0;0;0;1;1;0;;;;;;;;;;;;System.Byte[];1;0;;;1;1;1;-16777216;4026531840;0;920;;;;;;;;;;;;;;;;1;1;0;1;;;;
3LADPODP2_PSXX;;LADICA POD - kant 2;Prednji Stražnji;;54;;;;;1IL16;;1;0;16;0;4ABS10;1;0;0;0;0;;4ABS10;1;0;0;0;0;;;;0;0;0;0;;;;0;0;0;0;;;;;;0;0;0;0;0;0;;0;1;4026531840;0;0;0;0;0;1;1;0;;;;;;;;;;;;System.Byte[];1;0;;;1;1;1;-16777216;4026531840;0;921;;;;;;;;;;;;;;;;1;1;0;1;;;;
3LADPRE1_XGXX;;LADICA PREDNJI - kant 1;Gornji;;54;;;;;1IL16;;1;0;16;0;;0;0;0;0;0;;4ABS10;1;0;0;0;0;;;0;0;0;0;0;;;0;0;0;0;0;;;;;;-1;-1;0;0;0;0;;0;1;4026531840;0;0;0;0;0;1;1;0;;;;;;;;;;;;System.Byte[];1;0;;;1;1;1;-16777216;4026531840;0;922;;;;;;;;;;;;;;;;1;1;0;1;;;;
7OBES_PAL_O;;PALICA ZA VJEŠANJE OKRUGLA;;;8;55;;;;ST_165026;;1;0;;0;;0;0;0;0;0;;;0;0;0;0;0;;;0;0;0;0;0;;;0;0;0;0;0;;;;;;-1;-1;-1;-1;0;0;;0;0;4026531840;0;0;0;0;0;1;1;0;;;;;;;;;;;;System.Byte[];1;0;;;1;1;1;-16777216;4026531840;0;1166;;;;;;;;;;;;;;;;1;1;0;1;;;;
1LED_FF;;LEĐA FURNIR - kant furnir;;;53;;;;;1IV18;;1;0;18;0;4FRT10;1;0;0;0;0;;4FRT10;1;0;0;0;0;;4FRT10;1;0;0;0;0;;4FRT10;1;0;0;0;0;;2_LICE1;2_NAL1;8LAK-2X;8LAK-2X;0;0;0;0;0;0;;0;1;4026531840;0;0;0;0;0;1;1;0;;;;;;;;;;;;System.Byte[];1;0;;;1;1;1;-16777216;4026531840;0;1170;;;;;;;;;;;;;;;;1;1;0;1;;;;
7OBES_PAL_U;;PALICA ZA VJEŠANJE OVALNA;;;8;55;;;;ST_150807;;1;0;;0;;0;0;0;0;0;;;0;0;0;0;0;;;0;0;0;0;0;;;0;0;0;0;0;;;;;;-1;-1;-1;-1;0;0;;0;0;4026531840;0;0;0;0;0;1;1;0;;;;;;;;;;;;System.Byte[];1;0;;;1;1;1;-16777216;4026531840;0;1167;;;;;;;;;;;;;;;;1;1;0;1;;;;
1LED_FM;;LEĐA FURNIR - kant masiv;;;53;;;;;1IV18;;1;0;18;0;3MAS;10;0;0;1;0;;3MAS;10;0;0;1;0;;3MAS;10;0;0;1;0;;3MAS;10;0;0;1;0;;2_LICE1;2_NAL1;8LAK-2X;8LAK-2X;2;2;2;2;0;0;;0;1;4026531840;0;0;0;0;0;1;1;0;;;;;;;;;;;;System.Byte[];1;0;;;1;1;1;-16777216;4026531840;0;1171;;;;;;;;;;;;;;;;1;1;0;1;;;;
1LED_MAS;;LEĐA MASIV;;;53;;;;;1MP18;;1;0;18;0;;0;0;0;0;0;;;0;0;0;0;0;;;0;0;0;0;0;;;0;0;0;0;0;;;;;;-1;-1;-1;-1;0;0;;0;1;4026531840;0;0;0;0;0;1;1;0;;;;;;;;;;;;System.Byte[];1;0;;;1;1;1;-16777216;4026531840;0;1172;;;;;;;;;;;;;;;;1;1;0;1;;;;
1LED_MDF;;LEĐA MDF;;;53;;;;;1MDF18;;1;0;18;0;;0;0;0;0;0;;;0;0;0;0;0;;;0;0;0;0;0;;;0;0;0;0;0;;;;;;-1;-1;-1;-1;0;0;;0;1;4026531840;0;0;0;0;0;1;1;0;;;;;;;;;;;;System.Byte[];1;0;;;1;1;1;-16777216;4026531840;0;1173;;;;;;;;;;;;;;;;1;1;0;1;;;;
1MS_FF;;MASKA FURNIR - kant furnir;;;2;21;;;;1IV18;;1;0;18;0;4FRT10;1;0;0;0;0;;4FRT10;1;0;0;0;0;;4FRT10;1;0;0;0;0;;4FRT10;1;0;0;0;0;;2_LICE1;2_NAL1;8LAK-2X;8LAK-2X;0;0;0;0;0;0;;0;1;4026531840;0;0;0;0;0;1;1;0;;;;;;;;;;;;System.Byte[];1;0;;;1;1;1;-16777216;4026531840;0;1175;;;;;;;;;;;;;;;;1;1;0;1;;;;
1MS;;MASKA;;;2;21;;;;1IL18;;1;0;18;0;4ABS10;1;0;0;0;0;;4ABS10;1;0;0;0;0;;4ABS10;1;0;0;0;0;;4ABS10;1;0;0;0;0;;;;;;0;0;0;0;0;0;;0;1;4026531840;0;0;0;0;0;1;1;0;;;;;;;;;;;;System.Byte[];1;0;;;1;1;1;-16777216;4026531840;0;1174;;;;;;;;;;;;;;;;1;1;0;1;;;;
1MS_FM;;MASKA FURNIR - kant masiv;;;2;21;;;;1IV18;;1;0;18;0;3MAS;10;0;0;1;0;;3MAS;10;0;0;1;0;;3MAS;10;0;0;1;0;;3MAS;10;0;0;1;0;;2_LICE1;2_NAL1;8LAK-2X;8LAK-2X;2;2;2;2;0;0;;0;1;4026531840;0;0;0;0;0;1;1;0;;;;;;;;;;;;System.Byte[];1;0;;;1;1;1;-16777216;4026531840;0;1176;;;;;;;;;;;;;;;;1;1;0;1;;;;
7PRAL_U20X20X2;;PROFIL ALUMINIJSKI 20 x 20 x 2;;;8;55;;;;9PU_20_20_2;;1;0;;0;;0;0;0;0;0;;;0;0;0;0;0;;;0;0;0;0;0;;;0;0;0;0;0;;;;;;-1;-1;-1;-1;0;0;;0;5;4026531840;0;0;0;0;0;1;0;0;;;;;;;;;;;;System.Byte[];1;0;;;1;1;1;-16777216;4026531840;0;824;;;;;;;;;;;;;;;;1;1;0;1;;;;
1MS_MDF;;MASKA MDF;;;2;21;;;;1MDF18;;1;0;18;0;;0;0;0;0;0;;;0;0;0;0;0;;;0;0;0;0;0;;;0;0;0;0;0;;;;;;-1;-1;-1;-1;0;0;;0;1;4026531840;0;0;0;0;0;1;1;0;;;;;;;;;;;;System.Byte[];1;0;;;1;1;1;-16777216;4026531840;0;1177;;;;;;;;;;;;;;;;1;1;0;1;;;;
4RUC_AL_1;;RUČKICA LETVASTA AL 1;;;1;25;36;;;4ALRUC_LET1;;1;0;19;0;;0;0;0;0;0;;;0;0;0;0;0;;;0;0;0;0;0;;;0;0;0;0;0;;;;;;-1;-1;-1;-1;0;0;;0;1;4026531840;0;0;0;0;0;1;1;0;;;;;;;;;;;;System.Byte[];1;0;;;1;1;1;-16777216;4026531840;0;825;;;;;;;;;;;;;;;;1;1;0;1;;;;
1MS_MAS;;MASKA MASIV;;;2;21;;;;1MP18;;1;0;18;0;;0;0;0;0;0;;;0;0;0;0;0;;;0;0;0;0;0;;;0;0;0;0;0;;;;;;-1;-1;-1;-1;0;0;;0;1;4026531840;0;0;0;0;0;1;1;0;;;;;;;;;;;;System.Byte[];1;0;;;1;1;1;-16777216;4026531840;0;1178;;;;;;;;;;;;;;;;1;1;0;1;;;;
1POD_FF;;POD FURNIR - kant furnir;;;2;22;;;;1IV18;;1;0;18;0;4FRT10;1;0;0;0;0;;4FRT10;1;0;0;0;0;;4FRT10;1;0;0;0;0;;4FRT10;1;0;0;0;0;;2_LICE1;2_NAL1;8LAK-2X;8LAK-2X;0;0;0;0;0;0;;0;1;4026531840;0;0;0;0;0;1;1;0;;;;;;;;;;;;System.Byte[];1;0;;;1;1;1;-16777216;4026531840;0;1180;;;;;;;;;;;;;;;;1;1;0;1;;;;
7VIJM_1;;VIJENAC MASIV - PROFIL 1;;;8;49;;;;3MAS;;1;0;0;0;;0;0;0;0;0;;;0;0;0;0;0;;;0;0;0;0;0;;;0;0;0;0;0;;;;;;-1;-1;-1;-1;0;0;;0;5;4026531840;20;0;7;0;7;1;0;0;;;;;;;;;;;;System.Byte[];1;0;;;1;1;1;-16777216;4026531840;0;826;;;;;Profili\Stilski 1 - vijenac.MAC;;;;;;;;;;;1;1;0;1;;;;
1POD_MDF;;POD MDF;;;2;22;;;;1MDF18;;1;0;18;0;;0;0;0;0;0;;;0;0;0;0;0;;;0;0;0;0;0;;;0;0;0;0;0;;;;;;-1;-1;-1;-1;0;0;;0;1;4026531840;0;0;0;0;0;1;1;0;;;;;;;;;;;;System.Byte[];1;0;;;1;1;1;-16777216;4026531840;0;1183;;;;;;;;;;;;;;;;1;1;0;1;;;;
7VIJM_2;;VIJENAC MASIV - PROFIL 2;;;8;49;;;;3MAS;;1;0;0;0;;0;0;0;0;0;;;0;0;0;0;0;;;0;0;0;0;0;;;0;0;0;0;0;;;;;;-1;-1;-1;-1;0;0;;0;5;4026531840;20;0;7;0;7;1;0;0;;;;;;;;;;;;System.Byte[];1;0;;;1;1;1;-16777216;4026531840;0;827;;;;;Profili\Stilski 2 - vijenac.MAC;;;;;;;;;;;1;1;0;1;;;;
7VIJM_3;;VIJENAC MASIV - PROFIL 3;;;8;49;;;;3MAS;;1;0;0;0;;0;0;0;0;0;;;0;0;0;0;0;;;0;0;0;0;0;;;0;0;0;0;0;;;;;;-1;-1;-1;-1;0;0;;0;5;4026531840;20;0;7;0;7;1;0;0;;;;;;;;;;;;System.Byte[];1;0;;;1;1;1;-16777216;4026531840;0;828;;;;;Profili\Stilski 3 - vijenac.MAC;;;;;;;;;;;1;1;0;1;;;;
1POD;;POD;;;2;22;;;;1IL18;;1;0;18;0;4ABS10;1;0;0;0;0;;4ABS10;1;0;0;0;0;;4ABS10;1;0;0;0;0;;4ABS10;1;0;0;0;0;;;;;;0;0;0;0;0;0;;0;1;4026531840;0;0;0;0;0;1;1;0;;;;;;;;;;;;System.Byte[];1;0;;;1;1;1;-16777216;4026531840;0;1179;;;;;;;;;;;;;;;;1;1;0;1;;;;
7IOD_VODD2_G2L;;IN_OUT DRIVE VODILICA DONJA DVOSTRUKA;ger Lijevo 2 istostrano;;8;46;;;;AS_SAS510.103;;1;0;;0;;0;0;0;0;0;;;0;0;0;0;0;;;0;0;0;0;0;;;0;0;0;0;0;;;;;;-1;-1;-1;-1;0;0;;0;5;4026531840;0;0;0;0;0;1;0;0;;;;;System.Byte[];;;;;;;System.Byte[];1;0;;;1;1;1;-16777216;4026531840;0;1032;;;;;;;;;;;;;;;;1;1;0;1;;;AluStyle\In-Out Drive donja vodilice ger L istosmjerno.jpg;
7IOD_VERTSL;;IN_OUT DRIVE VERTIKALA ŠIROKA LIJEVA;;;8;46;;;;AS_SAS510.202;;1;0;0;0;;0;0;0;0;0;;;0;0;0;0;0;;;0;0;0;0;0;;;0;0;0;0;0;;;;;;-1;-1;-1;-1;0;0;;0;5;4026531840;0;0;0;0;0;1;0;0;;;;;System.Byte[];;;;;;;System.Byte[];1;0;;;1;1;1;-16777216;4026531840;0;1036;;;;;;;;;;;;;;;;1;1;0;1;;;AluStyle\In-Out Drive vertikalni profil 40x35 simetricni.jpg;
1POD_FM;;POD FURNIR - kant masiv;;;2;22;;;;1IV18;;1;0;18;0;3MAS;10;0;0;1;0;;3MAS;10;0;0;1;0;;3MAS;10;0;0;1;0;;3MAS;10;0;0;1;0;;2_LICE1;2_NAL1;8LAK-2X;8LAK-2X;2;2;2;2;0;0;;0;1;4026531840;0;0;0;0;0;1;1;0;;;;;;;;;;;;System.Byte[];1;0;;;1;1;1;-16777216;4026531840;0;1181;;;;;;;;;;;;;;;;1;1;0;1;;;;
1POD_MAS;;POD MASIV;;;2;22;;;;1MP18;;1;0;18;0;;0;0;0;0;0;;;0;0;0;0;0;;;0;0;0;0;0;;;0;0;0;0;0;;;;;;-1;-1;-1;-1;0;0;;0;1;4026531840;0;0;0;0;0;1;1;0;;;;;;;;;;;;System.Byte[];1;0;;;1;1;1;-16777216;4026531840;0;1182;;;;;;;;;;;;;;;;1;1;0;1;;;;
2PREGH4_PSLD;;PREGRADA HORIZONTALNA - kant 4;Prednji Stražnji Lijevi Desni;;54;;;;;1IL18;;1;0;18;0;4ABS10;1;0;0;0;0;;4ABS10;1;0;0;0;0;;4ABS10;1;0;0;0;0;;4ABS10;1;0;0;0;0;;;;;;0;0;1;0;0;0;;0;1;4026531840;0;0;0;0;0;1;1;0;;;;;;;;;;;;System.Byte[];1;0;;;1;1;1;-16777216;4026531840;0;1051;;;;;;;;;;;;;;;;1;1;0;1;;;;
7IOD_VODD2_G2D;;IN_OUT DRIVE VODILICA DONJA DVOSTRUKA;ger Desno 2 istostrano;;8;46;;;;AS_SAS510.103;;1;0;;0;;0;0;0;0;0;;;0;0;0;0;0;;;0;0;0;0;0;;;0;0;0;0;0;;;;;;-1;-1;-1;-1;0;0;;0;5;4026531840;0;0;0;0;0;1;0;0;;;;;System.Byte[];;;;;;;System.Byte[];1;0;;;1;1;1;-16777216;4026531840;0;1033;;;;;;;;;;;;;;;;1;1;0;1;;;AluStyle\In-Out Drive donja vodilice ger D istosmjerno.jpg;
2PREGH3_PXLD;;PREGRADA HORIZONTALNA - kant 3;Prednji Lijevi Desni;;54;;;;;1IL18;;1;0;18;0;4ABS10;1;0;0;0;0;;;;0;0;0;0;;4ABS10;1;0;0;0;0;;4ABS10;1;0;0;0;0;;;;;;0;0;1;1;0;0;;0;1;4026531840;0;0;0;0;0;1;1;0;;;;;;;;;;;;System.Byte[];1;0;;;1;1;1;-16777216;4026531840;0;1052;;;;;;;;;;;;;;;;1;1;0;1;;;;
2PREGV4_PSLD;;PREGRADA VERTIKALNA- kant 4;Prednji Stražnji Lijevi Desni;;54;;;;;1IL18;;1;0;18;0;4ABS10;1;0;0;0;0;;;0;0;0;0;0;;;0;0;0;0;0;;;0;0;0;0;0;;;;;;0;0;-1;-1;0;0;;0;1;4026531840;0;0;0;0;0;1;1;0;;;;;;;;;;;;System.Byte[];1;0;;;1;1;1;-16777216;4026531840;0;1050;;;;;;;;;;;;;;;;1;1;0;1;;;;
2PREGH_S;;PREGRADA HORIZONTALNA STAKLENA;;;54;;;;;5STAKLO-10;;1;0;10;0;;;0;0;0;0;;;0;0;0;0;0;;;0;0;0;0;0;;;0;0;0;0;0;;;;;;-1;-1;-1;-1;0;0;;0;1;4026531840;0;0;0;0;0;1;1;0;;;;;;;;;;;;System.Byte[];1;0;;;1;1;1;-16777216;4026531840;0;1054;;;;;;;;;;;;;;;;1;1;0;1;;;;
2PREGH3_XSLD;;PREGRADA HORIZONTALNA - kant 3;Stražnji Lijevi Desni;;54;;;;;1IL18;;1;0;18;0;;;0;0;0;0;;4ABS10;1;0;0;0;0;;4ABS10;1;0;0;0;0;;4ABS10;1;0;0;0;0;;;;;;1;1;1;0;0;0;;0;1;4026531840;0;0;0;0;0;1;1;0;;;;;;;;;;;;System.Byte[];1;0;;;1;1;1;-16777216;4026531840;0;1053;;;;;;;;;;;;;;;;1;1;0;1;;;;
2POL4;;POLICA - kant 4;;;54;;;;;1IL18;;1;0;18;0;4ABS10;1;0;0;0;0;;4ABS10;1;0;0;0;0;;4ABS10;1;0;0;0;0;;4ABS10;1;0;0;0;0;;;;;;0;0;0;0;0;0;;0;1;4026531840;0;0;0;0;0;1;1;0;;;;;;;;;;;;System.Byte[];1;0;;;1;1;1;-16777216;4026531840;0;1152;;;;;;;;;;;;;;;;1;1;0;1;;;;
3LADPODP4;;LADICA POD - kant 4;;;54;;;;;1IL16;;1;0;16;0;4ABS10;1;0;0;0;0;;4ABS10;1;0;0;0;0;;4ABS10;1;0;0;0;0;;4ABS10;1;0;0;0;0;;;;;;0;0;0;0;0;0;;0;1;4026531840;0;0;0;0;0;1;1;0;;;;;;;;;;;;System.Byte[];1;0;;;1;1;1;-16777216;4026531840;0;1153;;;;;;;;;;;;;;;;1;1;0;1;;;;
1ST;;STROP;;;2;23;;;;1IL18;;1;0;18;0;4ABS10;1;0;0;0;0;;4ABS10;1;0;0;0;0;;4ABS10;1;0;0;0;0;;4ABS10;1;0;0;0;0;;;;;;0;0;0;0;0;;;0;1;4026531840;0;0;0;0;0;1;1;0;;;;;;;;;;;;System.Byte[];1;0;;;1;1;1;-16777216;4026531840;0;1184;;;;;;;;;;;;;;;;1;1;0;1;;;;
3LADPRE4;;LADICA PREDNJI - kant 4;;;54;;;;;1IL18;;1;0;18;0;4ABS10;1;0;0;0;0;;4ABS10;1;0;0;0;0;;4ABS10;1;0;0;0;0;;4ABS10;1;0;0;0;0;;;;;;0;0;0;0;0;0;;0;1;4026531840;0;0;0;0;0;1;1;0;;;;;;;;;;;;System.Byte[];1;0;;;1;1;1;-16777216;4026531840;0;1154;;;;;;;;;;;;;;;;1;1;0;1;;;;
3LADSTR4;;LADICA STRANICA - kant 4;;;54;;;;;1IL16;;1;0;16;0;4ABS10;1;0;0;0;0;;4ABS10;1;0;0;0;0;;4ABS10;1;0;0;0;0;;4ABS10;1;0;0;0;0;;;;;;0;0;0;0;0;0;;0;1;4026531840;0;0;0;0;0;1;1;0;;;;;;;;;;;;System.Byte[];1;0;;;1;1;1;-16777216;4026531840;0;1155;;;;;;;;;;;;;;;;1;1;0;1;;;;
3LADZAD4;;LADICA ZADNJI - kant 4;;;54;;;;;1IL16;;1;0;16;0;4ABS10;1;0;0;0;0;;4ABS10;1;0;0;0;0;;4ABS10;1;0;0;0;0;;4ABS10;1;0;0;0;0;;;;;;0;0;0;0;0;0;;0;1;4026531840;0;0;0;0;0;1;1;0;;;;;;;;;;;;System.Byte[];1;0;;;1;1;1;-16777216;4026531840;0;1156;;;;;;;;;;;;;;;;1;1;0;1;;;;
1VEZH4;;VEZ HORIZONTALNI - kant 4;;;54;;;;;1IL18;;1;0;19;0;4ABS10;1;0;0;0;0;;;0;0;0;0;0;;;0;0;0;0;0;;;0;0;0;0;0;;;;;;0;0;-1;-1;0;0;;0;1;4026531840;0;0;0;0;0;1;1;0;;;;;;;;;;;;System.Byte[];1;0;;;1;1;1;-16777216;4026531840;0;1157;;;;;;;;;;;;;;;;1;1;0;1;;;;
9SPOJ_PROFIL;;SPOJNI PROFIL;;;5;0;0;0;0;VO_SPROF_30C;;1;0;25;0;;0;0;0;0;0;;;0;0;0;0;0;;;0;0;0;0;0;;;0;0;0;0;0;;;;;;-1;-1;-1;-1;0;0;;0;4026531840;4026531840;0;0;0;0;0;1;1;0;;;;;;;;;;;;System.Byte[];1;0;;;1;1;1;-16777216;4026531840;0;1158;0;0;0;0;;;;;;;;;;;;1;1;0;1;;;;
1ST_FF;;STROP FURNIR - kant furnir;;;2;23;;;;1IV18;;1;0;18;0;4FRT10;1;0;0;0;0;;4FRT10;1;0;0;0;0;;4FRT10;1;0;0;0;0;;4FRT10;1;0;0;0;0;;2_LICE1;2_NAL1;8LAK-2X;8LAK-2X;0;0;0;0;0;0;;0;1;4026531840;0;0;0;0;0;1;1;0;;;;;;;;;;;;System.Byte[];1;0;;;1;1;1;-16777216;4026531840;0;1185;;;;;;;;;;;;;;;;1;1;0;1;;;;
1ST_FM;;STROP FURNIR - kant masiv;;;2;23;;;;1IV18;;1;0;18;0;3MAS;10;0;0;1;0;;3MAS;10;0;0;1;0;;3MAS;10;0;0;1;0;;3MAS;10;0;0;1;0;;2_LICE1;2_NAL1;8LAK-2X;8LAK-2X;2;2;2;2;0;0;;0;1;4026531840;0;0;0;0;0;1;1;0;;;;;;;;;;;;System.Byte[];1;0;;;1;1;1;-16777216;4026531840;0;1186;;;;;;;;;;;;;;;;1;1;0;1;;;;
1ST_MAS;;STROP MASIV;;;2;23;;;;1MP18;;1;0;18;0;;0;0;0;0;0;;;0;0;0;0;0;;;0;0;0;0;0;;;0;0;0;0;0;;;;;;-1;-1;-1;-1;0;0;;0;1;4026531840;0;0;0;0;0;1;1;0;;;;;;;;;;;;System.Byte[];1;0;;;1;1;1;-16777216;4026531840;0;1187;;;;;;;;;;;;;;;;1;1;0;1;;;;
1ST_MDF;;STROP MDF;;;2;23;;;;1MDF18;;1;0;18;0;;0;0;0;0;0;;;0;0;0;0;0;;;0;0;0;0;0;;;0;0;0;0;0;;;;;;-1;-1;-1;-1;0;0;;0;1;4026531840;0;0;0;0;0;1;1;0;;;;;;;;;;;;System.Byte[];1;0;;;1;1;1;-16777216;4026531840;0;1188;;;;;;;;;;;;;;;;1;1;0;1;;;;
1STRD;;STRANICA DESNA;;;2;14;;;;1IL18;;1;0;18;0;4ABS10;1;0;0;0;0;;4ABS10;1;0;0;0;0;;4ABS10;1;0;0;0;0;;4ABS10;1;0;0;0;0;;;;;;0;0;0;0;0;0;;0;1;4026531840;0;0;0;0;0;1;1;0;;;;;;;;;;;;System.Byte[];1;0;;;1;1;1;-16777216;4026531840;0;1189;;;;;;;;;;;;;;;;1;1;0;1;;;;
5PODG4_PSLD;;PODNOŽJE GORE - kant 4;Prednji Stražnji Lijevi Desni;;54;;;;;1IL18;;1;0;18;0;4ABS10;1;0;0;0;0;;4ABS10;1;0;0;0;0;;4ABS10;1;0;0;0;0;;4ABS10;1;0;0;0;0;;;;;;0;0;0;0;0;0;;0;1;4026531840;0;0;0;0;0;1;1;0;;;;;;;;;;;;System.Byte[];1;0;;;1;1;1;-16777216;4026531840;0;1064;;;;;;;;;;;;;;;;1;1;0;1;;;;
1STR2_PXDX;;STRANICA - kant 2;Prednji Donji;;54;;;;;1IL18;;1;0;19;0;4ABS10;1;0;0;0;0;;;0;0;0;0;0;;4ABS10;1;0;0;0;0;;;0;0;0;0;0;;;;;;0;0;-1;1;0;0;;0;1;4026531840;0;0;0;0;0;1;1;0;;;;;;;;;;;;System.Byte[];1;0;;;1;1;1;-16777216;4026531840;0;891;;;;;;;;;;;;;;;;1;1;0;1;;;;
5PODG_;;PODNOŽJE GORE;;;54;;;;;1IL18;;1;0;18;0;;0;0;0;0;0;;;0;0;0;0;0;;;0;0;0;0;0;;;0;0;0;0;0;;;;;;-1;-1;-1;-1;0;0;;0;1;4026531840;0;0;0;0;0;1;1;0;;;;;;;;;;;;System.Byte[];1;0;;;1;1;1;-16777216;4026531840;0;1066;;;;;;;;;;;;;;;;1;1;0;1;;;;
1STR2_PSXX;;STRANICA - kant 2;Prednji Stražnji;;54;;;;;1IL18;;1;0;18;0;4ABS10;1;0;0;0;0;;4ABS10;1;0;0;0;0;;;0;0;0;0;0;;;0;0;0;0;0;;;;;;0;0;0;0;0;0;;0;1;4026531840;0;0;0;0;0;1;1;0;;;;;;;;;;;;System.Byte[];1;0;;;1;1;1;-16777216;4026531840;0;892;;;;;;;;;;;;;;;;1;1;0;1;;;;
1STR3_PXDG;;STRANICA - kant 3;Prednji Donji Gornji;;54;;;;;1IL18;;1;0;19;0;4ABS10;1;0;0;0;0;;;0;0;0;0;0;;4ABS10;1;0;0;0;0;;4ABS10;1;0;0;0;0;;;;;;0;0;1;1;0;0;;0;1;4026531840;0;0;0;0;0;1;1;0;;;;;;;;;;;;System.Byte[];1;0;;;1;1;1;-16777216;4026531840;0;893;;;;;;;;;;;;;;;;1;1;0;1;;;;
1STR3_PSXG;;STRANICA - rub 3;Prednji Stražnji Gornji;;2;;;;;1IL18;;1;0;18;0;4ABS10;1;0;0;0;0;;4ABS10;1;0;0;0;0;;;0;0;0;0;0;;4ABS10;1;0;0;0;0;;;;;;0;0;0;0;0;;;0;1;4026531840;0;0;0;0;0;1;1;0;;;;;;;;;;;;System.Byte[];1;0;;;1;1;1;-16777216;4026531840;0;894;;;;;;;;;;;;;;;;1;1;0;1;;;;
1STR3_PSDX;;STRANICA - kant 3;Prednji Stražnji Donji;;54;;;;;1IL18;;1;0;18;0;4ABS10;1;0;0;0;0;;4ABS10;1;0;0;0;0;;4ABS10;1;0;0;0;0;;;0;0;0;0;0;;;;;;0;0;0;0;0;0;;0;1;4026531840;0;0;0;0;0;1;1;0;;;;;;;;;;;;System.Byte[];1;0;;;1;1;1;-16777216;4026531840;0;895;;;;;;;;;;;;;;;;1;1;0;1;;;;
5PODG1_XSXX;;PODNOŽJE GORE - kant 1;Stražnji;;54;;;;;1IL18;;1;0;18;0;;;0;0;0;0;;4ABS10;1;0;0;0;0;;;;0;0;0;0;;;;0;0;0;0;;;;;;-1;-1;0;0;0;0;;0;1;4026531840;0;0;0;0;0;1;1;0;;;;;;;;;;;;System.Byte[];1;0;;;1;1;1;-16777216;4026531840;0;1067;;;;;;;;;;;;;;;;1;1;0;1;;;;
1STRFF1_PXXX;;STRANICA FURNIR - kant furnir 1;Prednji;;54;;;;;1IV18;;1;0;18;0;4FRT10;1;0;0;0;0;;;0;0;0;0;0;;;0;0;0;0;0;;;0;0;0;0;0;;2_LICE1;2_NAL1;8LAK-2X;8LAK-2X;0;0;-1;-1;0;0;;0;1;4026531840;0;0;0;0;0;1;1;0;;;;;;;;;;;;System.Byte[];1;0;;;1;1;1;-16777216;4026531840;0;896;;;;;;;;;;;;;;;;1;1;0;1;;;;
5PODG2_XSLX;;PODNOŽJE GORE - kant 2;Stražnji Lijevi;;54;;;;;1IL18;;1;0;18;0;;;0;0;0;0;;4ABS10;1;0;0;0;0;;4ABS10;1;0;0;0;0;;;;0;0;0;0;;;;;;1;-1;0;0;0;0;;0;1;4026531840;0;0;0;0;0;1;1;0;;;;;;;;;;;;System.Byte[];1;0;;;1;1;1;-16777216;4026531840;0;1068;;;;;;;;;;;;;;;;1;1;0;1;;;;
7VS_VERTO;;VOLPATO STILI  VERTIKALA  OTVORENA;;;8;48;;;;VS_MNPVAL09;;1;0;25;0;;0;0;0;0;0;;;0;0;0;0;0;;;0;0;0;0;0;;;0;0;0;0;0;;;;;;-1;-1;-1;-1;0;0;;0;5;4026531840;0;0;0;0;0;1;0;0;;;;;;;;;;;;System.Byte[];1;0;;;1;1;1;-16777216;4026531840;0;1079;;;;;;;;;;;;;;;;1;1;0;1;;;;
5PODG2_XSXD;;PODNOŽJE GORE - kant 2;Stražnji Desni;;54;;;;;1IL18;;1;0;18;0;;;0;0;0;0;;4ABS10;1;0;0;0;0;;;;0;0;0;0;;4ABS10;1;0;0;0;0;;;;;;-1;1;0;0;0;0;;0;1;4026531840;0;0;0;0;0;1;1;0;;;;;;;;;;;;System.Byte[];1;0;;;1;1;1;-16777216;4026531840;0;1069;;;;;;;;;;;;;;;;1;1;0;1;;;;
7PODG4_PSLD;;POD - kant 4;Prednji Stražnji Lijevi Desni;;52;;;;;1IL18;;1;0;19;0;4ABS10;1;0;0;0;0;;4ABS10;1;0;0;0;0;;4ABS10;1;0;0;0;0;;4ABS10;1;0;0;0;0;;;;;;0;0;0;0;0;0;;0;1;4026531840;0;0;0;0;0;1;1;0;;;;;;;;;;;;System.Byte[];1;0;;;1;1;1;-16777216;4026531840;0;1078;;;;;;;;;;;;;;;;1;1;0;1;;;;
2PREGH;;PREGRADA HORIZONTALNA;;;11;;;;;1IL18;;1;0;18;0;4ABS10;1;0;0;0;0;;4ABS10;1;0;0;0;0;;4ABS10;1;0;0;0;0;;4ABS10;1;0;0;0;0;;;;;;0;0;0;0;0;;;0;1;4026531840;0;0;0;0;0;1;1;0;;;;;;;;;;;;System.Byte[];1;0;;;1;1;1;-16777216;4026531840;0;1215;;;;;;;;;;;;;;;;1;1;0;1;;;;
7IOD_HORD;;IN_OUT DRIVE HORIZONTALA DONJA;;;8;46;;;;AS_SAS510.300;;1;0;;0;;0;0;0;0;0;;;0;0;0;0;0;;;0;0;0;0;0;;;0;0;0;0;0;;;;;;-1;-1;-1;-1;0;0;;0;5;4026531840;0;0;0;0;0;1;0;0;;;;;;;;;;;;System.Byte[];1;0;;;1;1;1;-16777216;4026531840;0;1037;;;;;;;;;;;;;;;;1;1;0;1;;;;
7IOD_HORS;;IN_OUT DRIVE HORIZONTALA SREDNJA;;;8;46;;;;AS_SAS510.330;;1;0;;0;;0;0;0;0;0;;;0;0;0;0;0;;;0;0;0;0;0;;;0;0;0;0;0;;;;;;-1;-1;-1;-1;0;0;;0;5;4026531840;0;0;0;0;0;1;0;0;;;;;;;;;;;;System.Byte[];1;0;;;1;1;1;-16777216;4026531840;0;1038;;;;;;;;;;;;;;;;1;1;0;1;;;;
7IOD_HORG;;IN_OUT DRIVE HORIZONTALA GORNJA;;;8;46;;;;AS_SAS510.361;;1;0;;0;;0;0;0;0;0;;;0;0;0;0;0;;;0;0;0;0;0;;;0;0;0;0;0;;;;;;-1;-1;-1;-1;0;0;;0;5;4026531840;0;0;0;0;0;1;0;0;;;;;;;;;;;;System.Byte[];1;0;;;1;1;1;-16777216;4026531840;0;1039;;;;;;;;;;;;;;;;1;1;0;1;;;;
7IOD_UKLP;;IN_OUT DRIVE UKLADA PUNA;;;8;46;;;;1IL10;;1;0;10;0;;0;0;0;0;0;;;0;0;0;0;0;;;0;0;0;0;0;;;0;0;0;0;0;;;;;;-1;-1;-1;-1;0;0;;0;5;4026531840;0;0;0;0;0;1;0;0;;;;;;;;;;;;System.Byte[];1;0;;;1;1;1;-16777216;4026531840;0;1040;;;;;;;;;;;;;;;;1;1;0;1;;;;
7IOD_UKLS4;;IN_OUT DRIVE UKLADA STAKLO 4 MM;;;8;46;;;;5STAKLO-04;;1;0;4;0;;0;0;0;0;0;;;0;0;0;0;0;;;0;0;0;0;0;;;0;0;0;0;0;;;;;;-1;-1;-1;-1;0;0;;0;5;4026531840;0;0;0;0;0;1;0;0;;;;;;;;;;;;System.Byte[];1;0;;;1;1;1;-16777216;4026531840;0;1041;;;;;;;;;;;;;;;;1;1;0;1;;;;
7IOD_UKLZ6;;IN_OUT DRIVE UKLADA ZRCALO 6 MM;;;8;46;;;;5ZRCALO-06;;1;0;6;0;;0;0;0;0;0;;;0;0;0;0;0;;;0;0;0;0;0;;;0;0;0;0;0;;;;;;-1;-1;-1;-1;0;0;;0;5;4026531840;0;0;0;0;0;1;0;0;;;;;;;;;;;;System.Byte[];1;0;;;1;1;1;-16777216;4026531840;0;1042;;;;;;;;;;;;;;;;1;1;0;1;;;;
7IOD_BRT4;;IN_OUT DRIVE BRTVA 4 MM;;;8;46;;;;AS_SAS520.000.10;;1;0;1,5;0;;0;0;0;0;0;;;0;0;0;0;0;;;0;0;0;0;0;;;0;0;0;0;0;;;;;;-1;-1;-1;-1;0;0;;0;5;4026531840;0;0;0;0;0;1;0;0;;;;;;;;;;;;System.Byte[];1;0;;;1;1;1;-16777216;4026531840;0;1043;;;;;;;;;;;;;;;;1;1;0;1;;;;
7IOD_BRT6;;IN_OUT DRIVE BRTVA 6 MM;;;8;46;;;;AS_SAS520.001.10;;1;0;1,5;0;;0;0;0;0;0;;;0;0;0;0;0;;;0;0;0;0;0;;;0;0;0;0;0;;;;;;-1;-1;-1;-1;0;0;;0;5;4026531840;0;0;0;0;0;1;0;0;;;;;;;;;;;;System.Byte[];1;0;;;1;1;1;-16777216;4026531840;0;1044;;;;;;;;;;;;;;;;1;1;0;1;;;;
5PODN_OTP26;;PODNOŽJE OTPRESAK 260 MM;;;54;;;;;9OTPR_P26KDZ;;1;0;19;0;;0;0;0;0;0;;;0;0;0;0;0;;;0;0;0;0;0;;;0;0;0;0;0;;;;;;-1;-1;-1;-1;0;0;;0;1;4026531840;0;0;0;0;0;1;0;0;;;;;;;;;;;;System.Byte[];1;0;;;1;1;0;-16777216;4026531840;0;1045;;;;;;;;;;;;;;;;1;1;0;1;;;;
2PREGV_;;PREGRADA VERTIKALNA;;;54;;;;;1MDF_GE_25;;1;0;25;0;;0;0;0;0;0;;;0;0;0;0;0;;;0;0;0;0;0;;;0;0;0;0;0;;;;;;-1;-1;-1;-1;0;0;;0;1;4026531840;0;0;0;0;0;1;1;0;;;;;;;;;;;;System.Byte[];1;0;;;1;1;1;-16777216;4026531840;0;1058;;;;;;;;;;;;;;;;1;1;0;1;;;;
7VS_VERTP;;VOLPATO STILI  VERTIKALA POKROV;;;8;48;;;;VS_MNSL;;1;0;0;0;;0;0;0;0;0;;;0;0;0;0;0;;;0;0;0;0;0;;;0;0;0;0;0;;;;;;-1;-1;-1;-1;0;0;;0;5;4026531840;0;0;0;0;0;1;0;0;;;;;;;;;;;;System.Byte[];1;0;;;1;1;1;-16777216;4026531840;0;1056;;;;;;;;;;;;;;;;1;1;0;1;;;;
7VS_VERT;;VOLPATO STILI  VERTIKALA;;;8;48;;;;VS_MNPVAL09;;1;0;25;0;;0;0;0;0;0;;;0;0;0;0;0;;;0;0;0;0;0;;;0;0;0;0;0;;;;;;-1;-1;-1;-1;0;0;;0;5;4026531840;0;0;0;0;0;1;0;0;;;;;;;;;;;;System.Byte[];1;0;;;1;1;1;-16777216;4026531840;0;1057;;;;;;;;;;;;;;;;1;1;0;1;;;;
Z_LUCNI_FIKT;;LUCNI GRANICE FIKTIVNI ;;;12;;;;;9D;;1;0;1;0;;0;0;0;0;0;;;0;0;0;0;0;;;0;0;0;0;0;;;0;0;0;0;0;;;;;;-1;-1;-1;-1;0;0;;0;65535;4026531840;0;0;0;0;0;1;0;0;;;;;;;;;;;;System.Byte[];1;0;;;1;1;0;-16777216;4026531840;0;1059;;;;;;;;;;;;;;;;1;1;0;0;;;;
7VS_GARDC;;VOLPATO STILI  GARDEROBNA CIJEV;;;8;48;;;;VS_MNKT02PL_09;;1;0;15;0;;0;0;0;0;0;;;0;0;0;0;0;;;0;0;0;0;0;;;0;0;0;0;0;;;;;;-1;-1;-1;-1;0;0;;0;5;4026531840;0;0;0;0;0;1;0;0;;;;;;;;;;;;System.Byte[];1;0;;;1;1;1;-16777216;4026531840;0;1060;;;;;;;;;;;;;;;;1;1;0;1;;;;
6RPLO_;;RADNA PLOČA;Stražnji;;54;;;;;1RP38_0600;;1;0;38;0;;0;0;0;0;0;;;0;0;0;0;0;;;0;0;0;0;0;;;0;0;0;0;0;;;;;;-1;-1;-1;-1;0;0;;0;1;4026531840;20;0;0;0;0;1;1;0;;;;;;;;;;;;System.Byte[];1;0;;;1;1;1;-16777216;4026531840;0;1087;;;;;;;;;;;;;;;;1;1;0;1;;;;
Z_VS_VERT;;VOLPATO STILI VERTIKALA FIKTIVNI;;;12;;;;;9VS_VERT;;1;0;1;0;;0;0;0;0;0;;;0;0;0;0;0;;;0;0;0;0;0;;;0;0;0;0;0;;;;;;-1;-1;-1;-1;0;;;0;255;255;0;0;0;0;0;1;0;0;;;;;;;;;;;;System.Byte[];1;0;;;1;1;0;-16777216;4026531840;0;1061;;;;;;;;;;;;;;;;0;0;0;0;;;;
1STRD_FF;;STRANICA DESNA FURNIR - kant furnir;;;2;14;;;;1IV18;;1;0;18;0;4FRT10;1;0;0;0;0;;4FRT10;1;0;0;0;0;;4FRT10;1;0;0;0;0;;4FRT10;1;0;0;0;0;;2_LICE1;2_NAL1;8LAK-2X;8LAK-2X;0;0;0;0;0;0;;0;1;4026531840;0;0;0;0;0;1;1;0;;;;;;;;;;;;System.Byte[];1;0;;;1;1;1;-16777216;4026531840;0;1190;;;;;;;;;;;;;;;;1;1;0;1;;;;
1STRD_FM;;STRANICA DESNA FURNIR - kant masiv;;;2;14;;;;1IV18;;1;0;18;0;3MAS;10;0;0;1;0;;3MAS;10;0;0;1;0;;3MAS;10;0;0;1;0;;3MAS;10;0;0;1;0;;2_LICE1;2_NAL1;8LAK-2X;8LAK-2X;2;2;2;2;0;0;;0;1;4026531840;0;0;0;0;0;1;1;0;;;;;;;;;;;;System.Byte[];1;0;;;1;1;1;-16777216;4026531840;0;1191;;;;;;;;;;;;;;;;1;1;0;1;;;;
1STRD_MAS;;STRANICA DESNA MASIV;;;2;14;;;;1MP18;;1;0;18;0;;0;0;0;0;0;;;0;0;0;0;0;;;0;0;0;0;0;;;0;0;0;0;0;;;;;;-1;-1;-1;-1;0;0;;0;1;4026531840;0;0;0;0;0;1;1;0;;;;;;;;;;;;System.Byte[];1;0;;;1;1;1;-16777216;4026531840;0;1192;;;;;;;;;;;;;;;;1;1;0;1;;;;
1STRD_MDF;;STRANICA DESNA MDF;;;2;14;;;;1MDF18;;1;0;18;0;;0;0;0;0;0;;;0;0;0;0;0;;;0;0;0;0;0;;;0;0;0;0;0;;;;;;-1;-1;-1;-1;0;0;;0;1;4026531840;0;0;0;0;0;1;1;0;;;;;;;;;;;;System.Byte[];1;0;;;1;1;1;-16777216;4026531840;0;1193;;;;;;;;;;;;;;;;1;1;0;1;;;;
3LADPRE1_DXXX;;LADICA PREDNJI - kant 1;Donji;;54;;;;;1IL16;;1;0;16;0;4ABS10;1;0;0;0;0;;;;0;0;0;0;;;0;0;0;0;0;;;0;0;0;0;0;;;;;;0;0;-1;-1;0;0;;0;1;4026531840;0;0;0;0;0;1;1;0;;;;;;;;;;;;System.Byte[];1;0;;;1;1;1;-16777216;4026531840;0;923;;;;;;;;;;;;;;;;1;1;0;1;;;;
3LADSTR3_XGPS;;LADICA STRANICA - kant 3;Gornji Prednji Stražnji;;54;;;;;1IL16;;1;0;16;0;;0;0;0;0;0;;4ABS10;1;0;0;0;0;;4ABS10;1;0;0;0;0;;4ABS10;1;0;0;0;0;;;;;;1;1;0;0;0;0;;0;1;4026531840;0;0;0;0;0;1;1;0;;;;;;;;;;;;System.Byte[];1;0;;;1;1;1;-16777216;4026531840;0;926;;;;;;;;;;;;;;;;1;1;0;1;;;;
3LADPRE2_DGXX;;LADICA PREDNJI - kant 2;Donji Gornji;;54;;;;;1IL16;;1;0;16;0;4ABS10;1;0;0;0;0;;4ABS10;1;0;0;0;0;;;0;0;0;0;0;;;0;0;0;0;0;;;;;;0;0;0;0;0;0;;0;1;4026531840;0;0;0;0;0;1;1;0;;;;;;;;;;;;System.Byte[];1;0;;;1;1;1;-16777216;4026531840;0;924;;;;;;;;;;;;;;;;1;1;0;1;;;;
3LADSTR2_XGXS;;LADICA STRANICA - kant 2;Gornji Stražnji;;54;;;;;1IL16;;1;0;16;0;;0;0;0;0;0;;4ABS10;1;0;0;0;0;;;0;0;0;0;0;;4ABS10;1;0;0;0;0;;;;;;-1;1;0;0;0;0;;0;1;4026531840;0;0;0;0;0;1;1;0;;;;;;;;;;;;System.Byte[];1;0;;;1;1;1;-16777216;4026531840;0;925;;;;;;;;;;;;;;;;1;1;0;1;;;;
3LADSTR3_DGXS;;LADICA STRANICA - kant 3;Donji Gornji Stražnji;;54;;;;;1IL16;;1;0;16;0;4ABS10;1;0;0;0;0;;4ABS10;1;0;0;0;0;;;;0;0;0;0;;4ABS10;1;0;0;0;0;;;;;;0;0;0;0;0;0;;0;1;4026531840;0;0;0;0;0;1;1;0;;;;;;;;;;;;System.Byte[];1;0;;;1;1;1;-16777216;4026531840;0;927;;;;;;;;;;;;;;;;1;1;0;1;;;;
3LADZAD2_DGXX;;LADICA ZADNJI - kant 2;Donji Gornji;;54;;;;;1IL16;;1;0;16;0;4ABS10;1;0;0;0;0;;4ABS10;1;0;0;0;0;;;0;0;0;0;0;;;0;0;0;0;0;;;;;;0;0;0;0;0;0;;0;1;4026531840;0;0;0;0;0;1;1;0;;;;;;;;;;;;System.Byte[];1;0;;;1;1;1;-16777216;4026531840;0;930;;;;;;;;;;;;;;;;1;1;0;1;;;;
3LADZAD1_XGXX;;LADICA ZADNJI - kant 1;Gornji;;54;;;;;1IL16;;1;0;16;0;;0;0;0;0;0;;4ABS10;1;0;0;0;0;;;0;0;0;0;0;;;0;0;0;0;0;;;;;;-1;-1;0;0;0;0;;0;1;4026531840;0;0;0;0;0;1;1;0;;;;;;;;;;;;System.Byte[];1;0;;;1;1;1;-16777216;4026531840;0;928;;;;;;;;;;;;;;;;1;1;0;1;;;;
3LADZAD1_DXXX;;LADICA ZADNJI - kant 1;Donji;;54;;;;;1IL16;;1;0;16;0;;0;0;0;0;0;;4ABS10;1;0;0;0;0;;;0;0;0;0;0;;;0;0;0;0;0;;;;;;-1;-1;0;0;0;0;;0;1;4026531840;0;0;0;0;0;1;1;0;;;;;;;;;;;;System.Byte[];1;0;;;1;1;1;-16777216;4026531840;0;929;;;;;;;;;;;;;;;;1;1;0;1;;;;
4KV_LOKD;;KLIZNA VRATA LO KRILO DONJI PROFIL;;;1;26;28;31;;4KVLO_KD;;1;0;15,6;0;;0;0;0;0;0;;;0;0;0;0;0;;;0;0;0;0;0;;;0;0;0;0;0;;;;;;-1;-1;-1;-1;0;0;;0;1;4026531840;0;0;0;0;0;1;0;0;;;;;;;;;;;;System.Byte[];1;0;;;1;1;0;-16777216;4026531840;0;931;;;;;;;;;;;;;;;;0;0;0;0;;;;
4KV_LOKG;;KLIZNA VRATA LO KRILO GORNJI PROFIL;;;1;26;28;31;;4KVLO_KG;;1;0;15,6;0;;0;0;0;0;0;;;0;0;0;0;0;;;0;0;0;0;0;;;0;0;0;0;0;;;;;;-1;-1;-1;-1;0;0;;0;1;4026531840;0;0;0;0;0;1;0;0;;;;;;;;;;;;System.Byte[];1;0;;;1;1;0;-16777216;4026531840;0;932;;;;;;;;;;;;;;;;0;0;0;0;;;;
4KV_LOKS;;KLIZNA VRATA LO KRILO SREDNJI PROFIL;;;1;26;28;31;;4KVLO_KS;;1;0;16,2;0;;0;0;0;0;0;;;0;0;0;0;0;;;0;0;0;0;0;;;0;0;0;0;0;;;;;;-1;-1;-1;-1;0;0;;0;1;4026531840;0;0;0;0;0;1;0;0;;;;;;;;;;;;System.Byte[];1;0;;;1;1;0;-16777216;4026531840;0;933;;;;;;;;;;;;;;;;0;0;0;0;;;;
4KV_LOKV;;KLIZNA VRATA LO KRILO VERTIKALNI PROFIL;;;1;26;28;31;;4KVLO_KV;;1;0;22;0;;0;0;0;0;0;;;0;0;0;0;0;;;0;0;0;0;0;;;0;0;0;0;0;;;;;;-1;-1;-1;-1;0;0;;0;1;4026531840;0;0;0;0;0;1;0;0;;;;;;;;;;;;System.Byte[];1;0;;;1;1;0;-16777216;4026531840;0;934;;;;;;;;;;;;;;;;0;0;0;0;;;;
4KV_LOVDN2;;KLIZNA VRATA LO VODILICA DONJA NALJEPNA 2;;;1;26;28;31;;4KVLO_VDN2;;1;0;8,4;0;;0;0;0;0;0;;;0;0;0;0;0;;;0;0;0;0;0;;;0;0;0;0;0;;;;;;-1;-1;-1;-1;0;0;;0;1;4026531840;0;0;0;0;0;1;0;0;;;;;;;;;;;;System.Byte[];1;0;;;1;1;0;-16777216;4026531840;0;935;;;;;;;;;;;;;;;;0;0;0;0;;;;
4KV_LOVG2;;KLIZNA VRATA LO VODILICA GORNJA 2;;;1;26;28;31;;4KVLO_VG2;;1;0;45;0;;0;0;0;0;0;;;0;0;0;0;0;;;0;0;0;0;0;;;0;0;0;0;0;;;;;;-1;-1;-1;-1;0;0;;0;1;4026531840;0;0;0;0;0;1;0;0;;;;;;;;;;;;System.Byte[];1;0;;;1;1;0;-16777216;4026531840;0;936;;;;;;;;;;;;;;;;0;0;0;0;;;;
4OBRT_AL;;BRTVA OKVIRA AL;;;1;26;28;30;;4BRTVA;;1;0;1;0;;0;0;0;0;0;;;0;0;0;0;0;;;0;0;0;0;0;;;0;0;0;0;0;;;;;;-1;-1;-1;-1;0;0;;0;1;4026531840;0;0;0;0;0;1;0;0;;;;;;;;;;;;System.Byte[];1;0;;;1;1;0;-16777216;4026531840;0;937;;;;;;;;;;;;;;;;0;0;0;0;;;;
4OPOP_AL_S1;;POPREČNICA OKVIRA AL-S1;;;1;26;28;30;;4ALOKV_S1;;1;0;20,6;0;;0;0;0;0;0;;;0;0;0;0;0;;;0;0;0;0;0;;;0;0;0;0;0;;;;;;-1;-1;-1;-1;0;0;;0;1;4026531840;0;0;0;0;0;1;0;0;;;;;;;;;;;;System.Byte[];1;0;;;1;1;0;-16777216;4026531840;0;938;;;;;;;;;;;;;;;;0;0;0;0;;;;
6RPLO_BUK;;RADNA PLOČA;Stražnji;;54;;;;;1IL38;;1;0;38;0;;;0;0;0;0;;;;0;0;0;0;;;;0;0;0;0;;;;0;0;0;0;;;;;;-1;-1;-1;-1;0;0;;0;1;4026531840;20;0;0;0;0;1;1;0;;;;;;;;;;;;System.Byte[];1;0;;;1;1;1;-16777216;4026531840;0;1088;;;;;;;;;;;;;;;;1;1;0;1;;;;
1STRL;;STRANICA LIJEVA;;;2;14;;;;1IL18;;1;0;18;0;4ABS10;1;0;0;0;0;;4ABS10;1;0;0;0;0;;4ABS10;1;0;0;0;0;;4ABS10;1;0;0;0;0;;;;;;0;0;0;0;0;0;;0;1;4026531840;0;0;0;0;0;1;1;0;;;;;;;;;;;;System.Byte[];1;0;;;1;1;1;-16777216;4026531840;0;1194;;;;;;;;;;;;;;;;1;1;0;1;;;;
4OPOP_AL_S3;;POPREČNICA OKVIRA AL-S3;;;1;26;28;30;;4ALOKV_S3;;1;0;20,6;0;;0;0;0;0;0;;;0;0;0;0;0;;;0;0;0;0;0;;;0;0;0;0;0;;;;;;-1;-1;-1;-1;0;0;;0;1;4026531840;0;0;0;0;0;1;0;0;;;;;;;;;;;;System.Byte[];1;0;;;1;1;0;-16777216;4026531840;0;939;;;;;;;;;;;;;;;;0;0;0;0;;;;
1STRL_FF;;STRANICA LIJEVA FURNIR - kant furnir;;;2;14;;;;1IV18;;1;0;18;0;4FRT10;1;0;0;0;0;;4FRT10;1;0;0;0;0;;4FRT10;1;0;0;0;0;;4FRT10;1;0;0;0;0;;2_LICE1;2_NAL1;8LAK-2X;8LAK-2X;0;0;0;0;0;0;;0;1;4026531840;0;0;0;0;0;1;1;0;;;;;;;;;;;;System.Byte[];1;0;;;1;1;1;-16777216;4026531840;0;1195;;;;;;;;;;;;;;;;1;1;0;1;;;;
7PALICA_BRAV;;PALICA ZA 3 ZAPORNu BRAVICU;;;8;55;;;;HA_226_07_209;;1;0;;0;;0;0;0;0;0;;;0;0;0;0;0;;;0;0;0;0;0;;;0;0;0;0;0;;;;;;-1;-1;-1;-1;0;0;;0;5;4026531840;0;0;0;0;0;1;1;0;;;;;;;;;;;;System.Byte[];1;0;;;1;1;1;-16777216;4026531840;0;1108;0;0;0;0;;;;;;;;;;;;1;1;0;1;;;;
4OPOP_AL_S6;;POPREČNICA OKVIRA AL-S6;;;1;26;28;30;;4ALOKV_S6;;1;0;20,6;0;;0;0;0;0;0;;;0;0;0;0;0;;;0;0;0;0;0;;;0;0;0;0;0;;;;;;-1;-1;-1;-1;0;0;;0;1;4026531840;0;0;0;0;0;1;0;0;;;;;;;;;;;;System.Byte[];1;0;;;1;1;0;-16777216;4026531840;0;940;;;;;;;;;;;;;;;;0;0;0;0;;;;
4OPOP_MDF;;POPREČNICA OKVIRA MDF;;;1;26;27;;;1MDF18;;1;0;18;0;;0;0;0;0;0;;;0;0;0;0;0;;;0;0;0;0;0;;;0;0;0;0;0;;;;8LAK-2X;8LAK-2X;-1;-1;-1;-1;0;0;;0;1;4026531840;0;0;0;0;0;1;0;0;;;;;;;;;;;;System.Byte[];1;0;;;1;1;0;-16777216;4026531840;0;941;;;;;;;;;;;;;;;;0;0;0;0;;;;
Z_GAB_XY;;GABARITNI XY KVADAR ZA KONSTRUIRANJE;;;12;;;;;9GAB_XY;;1;0;5;0;;0;0;0;0;0;;;0;0;0;0;0;;;0;0;0;0;0;;;0;0;0;0;0;;;;;;-1;-1;-1;-1;0;0;;0;65535;4026531840;0;0;0;0;0;1;0;0;;;;;;;;;;;;System.Byte[];1;0;;;1;1;0;-16777216;4026531840;0;1089;;;;;;;;;;;;;;;;1;1;0;0;;;;
1--;;KORPUS;;;2;;;;;;;1;0;0;0;;0;0;0;0;0;;;0;0;0;0;0;;;0;0;0;0;0;;;0;0;0;0;0;;;;;;-1;-1;-1;-1;0;;;0;1;4026531840;0;0;0;0;0;1;1;0;;;;;;;;;;;;;1;0;;;1;1;1;-16777216;4026531840;0;590;;;;;;;;;;;;;;;;1;1;0;1;;;;
1---;;--------------------------------------------------------;;;2;;;;;;;1;0;0;0;;0;0;0;0;0;;;0;0;0;0;0;;;0;0;0;0;0;;;0;0;0;0;0;;;;;;-1;-1;-1;-1;0;0;;0;1;4026531840;0;0;0;0;0;1;1;0;;;;;;;;;;;;;1;0;;;1;1;1;-16777216;4026531840;0;591;;;;;;;;;;;;;;;;1;1;0;1;;;;
1LED_;;LEĐA;;;53;;;;;1IL08;;1;0;8;0;;0;0;0;0;0;;;0;0;0;0;0;;;0;0;0;0;0;;;0;0;0;0;0;;;;;;-1;-1;-1;-1;0;;;0;1;4026531840;0;0;0;0;0;1;1;0;;;;;;;;;;;;System.Byte[];1;0;;;1;1;1;-16777216;4026531840;0;592;;;;;;;;;;;;;;;;1;1;0;1;;;;
1LEDP;;LEĐA PUNA;;;53;;;;;1IL18;;1;0;18;0;4ABAS10;0;0;0;0;0;;4ABAS10;0;0;0;0;0;;4ABAS10;0;0;0;0;0;;4ABAS10;0;0;0;0;0;;;;;;-1;-1;-1;-1;0;;;0;1;4026531840;0;0;0;0;0;1;1;0;;;;;;;;;;;;System.Byte[];1;0;;;1;1;1;-16777216;4026531840;0;593;;;;;;;;;;;;;;;;1;1;0;1;;;;
1LEDT;;LEĐA TANKA ;;;53;;;;;1HFH03;;1;0;3,2;0;;0;0;0;0;0;;;0;0;0;0;0;;;0;0;0;0;0;;;0;0;0;0;0;;;;;;-1;-1;-1;-1;0;0;;0;1;4026531840;0;0;0;0;0;1;1;0;;;;;;;;;;;;System.Byte[];1;0;;;1;1;1;-16777216;4026531840;0;1082;;;;;;;;;;;;;;;;1;1;0;1;;;;
3LAD_NS;;LADICE STRANICA UNUTARNJA;;;4;;;;;GR_F102105358;;1;0;8;0;;0;0;0;0;0;;;0;0;0;0;0;;;0;0;0;0;0;;;0;0;0;0;0;;;;;;-1;-1;-1;-1;0;0;;0;4;4026531840;0;0;0;0;0;1;1;0;;;;;;;;;;;;System.Byte[];1;0;;;1;1;1;-16777216;4026531840;0;1090;0;0;0;0;;;;;;;;;;;;1;1;0;1;;;;
1LEDP4_DLDG;;LEĐA PUNA - kant 4;Desni Lijevi Donji Gornji;;54;;;;;1IL18;;1;0;18;0;4ABS10;1;0;0;0;0;;4ABS10;1;0;0;0;0;;4ABS10;1;0;0;0;0;;4ABS10;1;0;0;0;0;;;;;;0;0;0;0;0;0;;0;1;4026531840;0;0;0;0;0;1;1;0;;;;;;;;;;;;System.Byte[];1;0;;;1;1;1;-16777216;4026531840;0;600;;;;;;;;;;;;;;;;1;1;0;1;;;;
4OUKL_MDF;;UKLADA OKVIRA MDF;;;1;26;27;;;1MDF04;;1;0;4;0;;0;0;0;0;0;;;0;0;0;0;0;;;0;0;0;0;0;;;0;0;0;0;0;;;;8LAK-2X;8LAK-2X;-1;-1;-1;-1;0;0;;0;1;4026531840;0;0;0;0;0;1;0;0;;;;;;;;;;;;System.Byte[];1;0;;;1;1;0;-16777216;4026531840;0;942;;;;;;;;;;;;;;;;0;0;0;0;;;;
6RPLO1_XSXX;;RADNA PLOČA - kant 1;Stražnji;;54;;;;;EG_F187ST9_40;;1;0;38;0;;0;0;0;0;0;;4ABS10;1;0;0;0;0;;;0;0;0;0;0;;;0;0;0;0;0;;;;;;-1;-1;0;0;0;0;;0;1;4026531840;20;0;0;0;0;1;1;0;;;;;;;;;;;;System.Byte[];1;0;;;1;1;1;-16777216;4026531840;0;1022;;;;;;;;;;;;;;;;1;1;0;1;;;;
1POD4_PSLD;;POD - kant 4;Prednji Stražnji Lijevi Desni;;54;;;;;1IL18;;1;0;18;0;4ABS10;1;0;0;0;0;;4ABS10;1;0;0;0;0;;4ABS10;1;0;0;0;0;;4ABS10;1;0;0;0;0;;;;;;0;0;0;0;0;0;;0;1;4026531840;0;0;0;0;0;1;1;0;;;;;;;;;;;;System.Byte[];1;0;;;1;1;1;-16777216;4026531840;0;611;;;;;;;;;;;;;;;;1;1;0;1;;;;
1ST_;;STROP;;;54;;;;;1IL18;;1;0;19;0;;0;0;0;0;0;;;0;0;0;0;0;;;0;0;0;0;0;;;0;0;0;0;0;;;;;;-1;-1;-1;-1;0;0;;0;1;4026531840;0;0;0;0;0;1;1;0;;;;;;;;;;;;System.Byte[];1;0;;;1;1;1;-16777216;4026531840;0;612;;;;;;;;;;;;;;;;1;1;0;1;;;;
1STRL_FM;;STRANICA LIJEVA FURNIR - kant masiv;;;2;14;;;;1IV18;;1;0;18;0;3MAS;10;0;0;1;0;;3MAS;10;0;0;1;0;;3MAS;10;0;0;1;0;;3MAS;10;0;0;1;0;;2_LICE1;2_NAL1;8LAK-2X;8LAK-2X;2;2;2;2;0;0;;0;1;4026531840;0;0;0;0;0;1;1;0;;;;;;;;;;;;System.Byte[];1;0;;;1;1;1;-16777216;4026531840;0;1196;;;;;;;;;;;;;;;;1;1;0;1;;;;
6RPLO2_XSLX;;RADNA PLOČA - kant 2;Stražnji Lijevi;;54;;;;;1IL18;;1;0;38;0;;;0;0;0;0;;4ABS10;1;0;0;0;0;;4ABS10;1;0;0;0;0;;;;0;0;0;0;;;;;;1;-1;0;0;0;0;;0;1;4026531840;0;0;0;0;0;1;1;0;;;;;;;;;;;;System.Byte[];1;0;;;1;1;1;-16777216;4026531840;0;1023;;;;;;;;;;;;;;;;1;1;0;1;;;;
7PR_LETVA;;PRIČVRSNA LETVA;;;8;55;;;;1MDF05;;1;0;5;0;;0;0;0;0;0;;;0;0;0;0;0;;;0;0;0;0;0;;;0;0;0;0;0;;;;;;-1;-1;-1;-1;0;0;;0;5;4026531840;0;0;0;0;0;1;1;0;;;;;;;;;;;;System.Byte[];1;0;;;1;1;1;-16777216;4026531840;0;1109;0;0;0;0;;;;;;;;;;;;1;1;0;1;;;;
1ST4_PSLD;;STROP - kant 4;Prednji Stražnji Lijevi Desni;;54;;;;;1IL18;;1;0;18;0;4ABS10;1;0;0;0;0;;4ABS10;1;0;0;0;0;;4ABS10;1;0;0;0;0;;4ABS10;1;0;0;0;0;;;;;;0;0;0;0;0;0;;0;1;4026531840;0;0;0;0;0;1;1;0;;;;;;;;;;;;System.Byte[];1;0;;;1;1;1;-16777216;4026531840;0;619;;;;;;;;;;;;;;;;1;1;0;1;;;;
1STR_;;STRANICA;;;54;;;;;1IL18;;1;0;19;0;;0;0;0;0;0;;;0;0;0;0;0;;;0;0;0;0;0;;;0;0;0;0;0;;;;;;-1;-1;-1;-1;0;0;;0;1;4026531840;0;0;0;0;0;1;1;0;;;;;;;;;;;;System.Byte[];1;0;;;1;1;1;-16777216;4026531840;0;620;;;;;;;;;;;;;;;;1;1;0;1;;;;
1STR_MAS;;STRANICA MASIV;;;54;;;;;1MP18;;1;0;18;0;;0;0;0;0;0;;;0;0;0;0;0;;;0;0;0;0;0;;;0;0;0;0;0;;;;;;-1;-1;-1;-1;0;0;;0;1;4026531840;0;0;0;0;0;1;1;0;;;;;;;;;;;;System.Byte[];1;0;;;1;1;1;-16777216;4026531840;0;621;;;;;;;;;;;;;;;;1;1;0;1;;;;
1STR_MDF;;STRANICA MDF;;;54;;;;;1MDF18;;1;0;18;0;;0;0;0;0;0;;;0;0;0;0;0;;;0;0;0;0;0;;;0;0;0;0;0;;;;;;-1;-1;-1;-1;0;0;;0;1;4026531840;0;0;0;0;0;1;1;0;;;;;;;;;;;;System.Byte[];1;0;;;1;1;1;-16777216;4026531840;0;622;;;;;;;;;;;;;;;;1;1;0;1;;;;
7IOD_VODD2;;IN_OUT DRIVE VODILICA DONJA DVOSTRUKA;;;8;46;;;;AS_SAS510.103;;1;0;0;0;;0;0;0;0;0;;;0;0;0;0;0;;;0;0;0;0;0;;;0;0;0;0;0;;;;;;-1;-1;-1;-1;0;0;;0;5;4026531840;0;0;0;0;0;1;0;0;;;;;System.Byte[];;;;;;;System.Byte[];1;0;;;1;1;1;-16777216;4026531840;0;1024;;;;;;;;;;;;;;;;1;1;0;1;;;AluStyle\In-Out Drive donja vodilice ravna.jpg;
7IOD_VODG2;;IN_OUT DRIVE VODILICA GORNJA DVOSTRUKA;;;8;46;;;;AS_SAS510.151;;1;0;;0;;0;0;0;0;0;;;0;0;0;0;0;;;0;0;0;0;0;;;0;0;0;0;0;;;;;;-1;-1;-1;-1;0;0;;0;5;4026531840;0;0;0;0;0;1;0;0;;;;;System.Byte[];;;;;;;System.Byte[];1;0;;;1;1;1;-16777216;4026531840;0;1025;;;;;;;;;;;;;;;;1;1;0;1;;;AluStyle\In-Out Drive gornja vodilice ravna.jpg;
7IOD_VODD2_GL;;IN_OUT DRIVE VODILICA DONJA DVOSTRUKA;ger Lijevo;;8;46;;;;AS_SAS510.103;;1;0;;0;;0;0;0;0;0;;;0;0;0;0;0;;;0;0;0;0;0;;;0;0;0;0;0;;;;;;-1;-1;-1;-1;0;0;;0;5;4026531840;0;0;0;0;0;1;0;0;;;;;System.Byte[];;;;;;;System.Byte[];1;0;;;1;1;1;-16777216;4026531840;0;1026;;;;;;;;;;;;;;;;1;1;0;1;;;AluStyle\In-Out Drive donja vodilice ger L.jpg;
7IOD_VODD2_GD;;IN_OUT DRIVE VODILICA DONJA DVOSTRUKA GER D;ger Desno;;8;46;;;;AS_SAS510.103;;1;0;;0;;0;0;0;0;0;;;0;0;0;0;0;;;0;0;0;0;0;;;0;0;0;0;0;;;;;;-1;-1;-1;-1;0;0;;0;5;4026531840;0;0;0;0;0;1;0;0;;;;;System.Byte[];;;;;;;System.Byte[];1;0;;;1;1;1;-16777216;4026531840;0;1027;;;;;;;;;;;;;;;;1;1;0;1;;;AluStyle\In-Out Drive donja vodilice ger D.jpg;
7IOD_VODD2_G2;;IN_OUT DRIVE VODILICA DONJA DVOSTRUKA;ger Lijevo i Desno;;8;46;;;;AS_SAS510.103;;1;0;;0;;0;0;0;0;0;;;0;0;0;0;0;;;0;0;0;0;0;;;0;0;0;0;0;;;;;;-1;-1;-1;-1;0;0;;0;5;4026531840;0;0;0;0;0;1;0;0;;;;;System.Byte[];;;;;;;System.Byte[];1;0;;;1;1;1;-16777216;4026531840;0;1028;;;;;;;;;;;;;;;;1;1;0;1;;;AluStyle\In-Out Drive donja vodilice ger LD.jpg;
7PS_PROF_L;;PREGRADNE STIJENE - L PROFIL;;;8;50;;;;4PS-L;;1;0;36;0;;0;0;0;0;0;;;0;0;0;0;0;;;0;0;0;0;0;;;0;0;0;0;0;;;;;;-1;-1;-1;-1;0;0;;0;5;4026531840;0;0;0;0;0;1;0;0;;;;;;;;;;;;System.Byte[];1;0;;;1;1;1;-16777216;4026531840;0;852;;;;;;;;;;;;;;;;1;1;0;1;;;;
7OBLFF4_PSDG;;OBLOGA FURNIR - kant furnir 4;Prednji Stražnji Donji Gornji;;2;51;;;;1IL18;;1;0;18;0;4FRT10;1;0;0;0;0;;4FRT10;1;0;0;0;0;;4FRT10;1;0;0;0;0;;4FRT10;1;0;0;0;0;;;;;;0;0;0;0;0;0;;0;1;4026531840;0;0;0;0;0;1;1;0;;;;;;;;;;;;System.Byte[];1;0;;;1;1;1;-16777216;4026531840;0;1063;;;;;;;;;;;;;;;;1;1;0;1;;;;
7PS_PROF_U;;PREGRADNE STIJENE - U PROFIL;;;8;50;;;;4PS-U;;1;0;16,5;0;;0;0;0;0;0;;;0;0;0;0;0;;;0;0;0;0;0;;;0;0;0;0;0;;;;;;-1;-1;-1;-1;0;0;;0;5;4026531840;0;0;0;0;0;1;0;0;;;;;;;;;;;;System.Byte[];1;0;;;1;1;1;-16777216;4026531840;0;853;;;;;;;;;;;;;;;;1;1;0;1;;;;
1STRL_MAS;;STRANICA LIJEVA MASIV;;;2;14;;;;1MP18;;1;0;18;0;;0;0;0;0;0;;;0;0;0;0;0;;;0;0;0;0;0;;;0;0;0;0;0;;;;;;-1;-1;-1;-1;0;0;;0;1;4026531840;0;0;0;0;0;1;1;0;;;;;;;;;;;;System.Byte[];1;0;;;1;1;1;-16777216;4026531840;0;1197;;;;;;;;;;;;;;;;1;1;0;1;;;;
3LAD_SYN_ST;;LADICA SYNHRO PALICA;;;4;;;;;;;1;0;;0;;0;0;0;0;0;;;0;0;0;0;0;;;0;0;0;0;0;;;0;0;0;0;0;;;;;;-1;-1;-1;-1;0;0;;0;1;4026531840;0;0;0;0;0;1;0;0;;;;;;;;;;;;System.Byte[];1;0;;;1;1;1;-16777216;4026531840;0;1099;;;;;;;;;;;;;;;;1;1;0;1;;;;
7RLED_PO_LOOX;;POKROV KANALICE ZA LED LOOX;;;8;56;;;;4LED_LOOP;;1;0;40;0;;0;0;0;0;0;;;0;0;0;0;0;;;0;0;0;0;0;;;0;0;0;0;0;;;;;;-1;-1;-1;-1;0;0;;0;5;4026531840;0;0;0;0;0;1;0;0;;;;;System.Byte[];;;;;;;System.Byte[];1;0;;;1;1;1;-16777216;4026531840;0;1100;;;;;;;;;;;;;;;;1;1;0;1;;;;
3LAD_PR_REL;;LADICE PREČNI RELING;;;5;0;0;0;0;;;1;0;0;0;;0;0;0;0;0;;;0;0;0;0;0;;;0;0;0;0;0;;;0;0;0;0;0;;;;;;-1;-1;-1;-1;0;0;;0;4;4026531840;0;0;0;0;0;1;1;0;;;;;;;;;;;;System.Byte[];1;0;;;1;1;1;-16777216;4026531840;0;1105;0;0;0;0;;;;;;;;;;;;1;1;0;1;;;;
7PS_PROF_H;;PREGRADNE STIJENE - H PROFIL;;;8;50;;;;4PS-H;;1;0;40;0;;0;0;0;0;0;;;0;0;0;0;0;;;0;0;0;0;0;;;0;0;0;0;0;;;;;;-1;-1;-1;-1;0;0;;0;5;4026531840;0;0;0;0;0;1;0;0;;;;;System.Byte[];;;;;;;System.Byte[];1;0;;;1;1;1;-16777216;4026531840;0;848;;;;;;;;;;;;;;;;1;1;0;1;;;;
7LED_POKROV;;LED POKROV KANALICE;;;8;56;;;;SO_MX_SOM1;;1;0;0;0;;0;0;0;0;0;;;0;0;0;0;0;;;0;0;0;0;0;;;0;0;0;0;0;;;;;;-1;-1;-1;-1;0;0;;0;5;4026531840;0;0;0;0;0;1;0;0;;;;;System.Byte[];;;;;;;System.Byte[];1;0;;;1;1;1;-16777216;4026531840;0;1102;;;;;;;;;;;;;;;;1;1;0;1;;;;
7PS_PROF_H_GG;;PREGRADNE STIJENE - H PROFIL;Ger lijevo - Ger desno;;8;50;;;;4PS-H;;1;0;40;0;;0;0;0;0;0;;;0;0;0;0;0;;;0;0;0;0;0;;;0;0;0;0;0;;;;;;-1;-1;-1;-1;0;0;;0;5;4026531840;0;0;0;0;0;1;0;0;;;;;System.Byte[];;;;;;;System.Byte[];1;0;;;1;1;1;-16777216;4026531840;0;849;;;;;;;;;;;;;;;;1;1;0;1;;;;
3LAD_STAK08;;LADICA STAKLO;;;4;;;;;5STAKLO-08;;1;0;8;0;;0;0;0;0;0;;;;0;0;0;0;;;0;0;0;0;0;;;;0;0;0;0;;;;;;-1;-1;-1;-1;0;0;;0;1;4026531840;0;0;0;0;0;1;1;0;;;;;;;;;;;;System.Byte[];1;0;;;1;1;1;-16777216;4026531840;0;1106;;;;;;;;;;;;;;;;1;1;0;1;;;;
7PS_PROF_H_GR;;PREGRADNE STIJENE - H PROFIL;Ger lijevo - Ravno desno;;8;50;;;;4PS-H;;1;0;40;0;;0;0;0;0;0;;;0;0;0;0;0;;;0;0;0;0;0;;;0;0;0;0;0;;;;;;-1;-1;-1;-1;0;0;;0;5;4026531840;0;0;0;0;0;1;0;0;;;;;System.Byte[];;;;;;;System.Byte[];1;0;;;1;1;1;-16777216;4026531840;0;850;;;;;;;;;;;;;;;;1;1;0;1;;;;
7RLED_UK_LOOX;;KANALICA UKOPNA ZA LED LOOX;;;8;56;;;;4LED_LOOUK;;1;0;40;0;;0;0;0;0;0;;;0;0;0;0;0;;;0;0;0;0;0;;;0;0;0;0;0;;;;;;-1;-1;-1;-1;0;0;;0;5;4026531840;0;0;0;0;0;1;0;0;;;;;System.Byte[];;;;;;;System.Byte[];1;0;;;1;1;1;-16777216;4026531840;0;1101;;;;;;;;;;;;;;;;1;1;0;1;;;;
7PS_PROF_H_RG;;PREGRADNE STIJENE - H PROFIL;Ravno lijevo - Ger desno;;8;50;;;;4PS-H;;1;0;40;0;;0;0;0;0;0;;;0;0;0;0;0;;;0;0;0;0;0;;;0;0;0;0;0;;;;;;-1;-1;-1;-1;0;0;;0;5;4026531840;0;0;0;0;0;1;0;0;;;;;System.Byte[];;;;;;;System.Byte[];1;0;;;1;1;1;-16777216;4026531840;0;851;;;;;;;;;;;;;;;;1;1;0;1;;;;
7LED_KANAL_UK;;LED KANALICA UKOPNA;;;8;56;;;;SO_MX_SO07NB;;1;0;0;0;;0;0;0;0;0;;;0;0;0;0;0;;;0;0;0;0;0;;;0;0;0;0;0;;;;;;-1;-1;-1;-1;0;0;;0;5;4026531840;0;0;0;0;0;1;0;0;;;;;System.Byte[];;;;;;;System.Byte[];1;0;;;1;1;1;-16777216;4026531840;0;1104;;;;;;;;;;;;;;;;1;1;0;1;;;;
1MS_;;MASKA;;;54;;;;;1IL18;;1;0;18;0;;0;0;0;0;0;;;0;0;0;0;0;;;0;0;0;0;0;;;0;0;0;0;0;;;;;;-1;-1;-1;-1;0;0;;0;1;4026531840;0;0;0;0;0;1;1;0;;;;;;;;;;;;System.Byte[];1;0;;;1;1;1;-16777216;4026531840;0;601;;;;;;;;;;;;;;;;1;1;0;1;;;;
7IOD_VODG2_G2;;IN_OUT DRIVE VODILICA GORNJA DVOSTRUKA;ger Lijevo i Desno;;8;46;;;;AS_SAS510.151;;1;0;;0;;0;0;0;0;0;;;0;0;0;0;0;;;0;0;0;0;0;;;0;0;0;0;0;;;;;;-1;-1;-1;-1;0;0;;0;5;4026531840;0;0;0;0;0;1;0;0;;;;;System.Byte[];;;;;;;System.Byte[];1;0;;;1;1;1;-16777216;4026531840;0;1029;;;;;;;;;;;;;;;;1;1;0;1;;;AluStyle\In-Out Drive gornja vodilice ger LD.jpg;
1STRL_MDF;;STRANICA LIJEVA MDF;;;2;14;;;;1MDF18;;1;0;18;0;;0;0;0;0;0;;;0;0;0;0;0;;;0;0;0;0;0;;;0;0;0;0;0;;;;;;-1;-1;-1;-1;0;0;;0;1;4026531840;0;0;0;0;0;1;1;0;;;;;;;;;;;;System.Byte[];1;0;;;1;1;1;-16777216;4026531840;0;1198;;;;;;;;;;;;;;;;1;1;0;1;;;;
1STR4_PSDG;;STRANICA - kant 4;Prednji Stražnji Gornji Donji;;54;;;;;1IL18;;1;0;18;0;4ABS10;1;0;0;0;0;;4ABS10;1;0;0;0;0;;4ABS10;1;0;0;0;0;;4ABS10;1;0;0;0;0;;;;;;0;0;0;0;0;0;;0;1;4026531840;0;0;0;0;0;1;1;0;;;;;;;;;;;;System.Byte[];1;0;;;1;1;1;-16777216;4026531840;0;629;;;;;;;;;;;;;;;;1;1;0;1;;;;
1STRF;;STRANICA FURNIR;;;54;;;;;1IV18;;1;0;18;0;;0;0;0;0;0;;;0;0;0;0;0;;;0;0;0;0;0;;;0;0;0;0;0;;2_LICE1;2_NAL1;8LAK-2X;8LAK-2X;-1;-1;-1;-1;0;0;;0;1;4026531840;0;0;0;0;0;1;1;0;;;;;;;;;;;;System.Byte[];1;0;;;1;1;1;-16777216;4026531840;0;630;;;;;;;;;;;;;;;;1;1;0;1;;;;
1VEZH;;VEZ HORIZONTALNI;;;2;24;;;;1IL18;;1;0;18;0;4ABS10;1;0;0;0;0;;4ABS10;1;0;0;0;0;;4ABS10;1;0;0;0;0;;4ABS10;1;0;0;0;0;;;;;;0;0;0;0;0;;;0;1;4026531840;0;0;0;0;0;1;1;0;;;;;;;;;;;;System.Byte[];1;0;;;1;1;1;-16777216;4026531840;0;1199;;;;;;;;;;;;;;;;1;1;0;1;;;;
1VEZH_FF;;VEZ HORIZONTALNI FURNIR - kant furnir;;;2;24;;;;1IV18;;1;0;18;0;4FRT10;1;0;0;0;0;;4FRT10;1;0;0;0;0;;4FRT10;1;0;0;0;0;;4FRT10;1;0;0;0;0;;2_LICE1;2_NAL1;8LAK-2X;8LAK-2X;0;0;0;0;0;0;;0;1;4026531840;0;0;0;0;0;1;1;0;;;;;;;;;;;;System.Byte[];1;0;;;1;1;1;-16777216;4026531840;0;1200;;;;;;;;;;;;;;;;1;1;0;1;;;;
1VEZH_FM;;VEZ HORIZONTALNI FURNIR - kant masiv;;;2;24;;;;1IV18;;1;0;18;0;3MAS;10;0;0;1;0;;3MAS;10;0;0;1;0;;3MAS;10;0;0;1;0;;3MAS;10;0;0;1;0;;2_LICE1;2_NAL1;8LAK-2X;8LAK-2X;2;2;2;2;0;0;;0;1;4026531840;0;0;0;0;0;1;1;0;;;;;;;;;;;;System.Byte[];1;0;;;1;1;1;-16777216;4026531840;0;1201;;;;;;;;;;;;;;;;1;1;0;1;;;;
1STRFF4_PSDG;;STRANICA FURNIR - kant furnir 4;Prednji Stražnji Donji Gornji;;54;;;;;1IV18;;1;0;18;0;4FRT10;1;0;0;0;0;;4FRT10;1;0;0;0;0;;4FRT10;1;0;0;0;0;;4FRT10;1;0;0;0;0;;2_LICE1;2_NAL1;8LAK-2X;8LAK-2X;0;0;0;0;0;0;;0;1;4026531840;0;0;0;0;0;1;1;0;;;;;;;;;;;;System.Byte[];1;0;;;1;1;1;-16777216;4026531840;0;636;;;;;;;;;;;;;;;;1;1;0;1;;;;
1VEZH_MAS;;VEZ HORIZONTALNI MASIV;;;2;24;;;;1MP18;;1;0;18;0;;0;0;0;0;0;;;0;0;0;0;0;;;0;0;0;0;0;;;0;0;0;0;0;;;;;;-1;-1;-1;-1;0;0;;0;1;4026531840;0;0;0;0;0;1;1;0;;;;;;;;;;;;System.Byte[];1;0;;;1;1;1;-16777216;4026531840;0;1202;;;;;;;;;;;;;;;;1;1;0;1;;;;
1VEZH_MDF;;VEZ HORIZONTALNI MDF;;;2;24;;;;1MDF18;;1;0;18;0;;0;0;0;0;0;;;0;0;0;0;0;;;0;0;0;0;0;;;0;0;0;0;0;;;;;;-1;-1;-1;-1;0;0;;0;1;4026531840;0;0;0;0;0;1;1;0;;;;;;;;;;;;System.Byte[];1;0;;;1;1;1;-16777216;4026531840;0;1203;;;;;;;;;;;;;;;;1;1;0;1;;;;
1VEZV;;VEZ VERTIKALNI;;;2;24;;;;1IL18;;1;0;18;0;4ABS10;1;0;0;0;0;;4ABS10;1;0;0;0;0;;4ABS10;1;0;0;0;0;;4ABS10;1;0;0;0;0;;;;;;0;0;0;0;0;0;;0;1;4026531840;0;0;0;0;0;1;1;0;;;;;;;;;;;;System.Byte[];1;0;;;1;1;1;-16777216;4026531840;0;1204;;;;;;;;;;;;;;;;1;1;0;1;;;;
1VEZV_FM;;VEZ VERTIKALNI FURNIR - kant masiv;;;2;24;;;;1IV18;;1;0;18;0;3MAS;10;0;0;1;0;;3MAS;10;0;0;1;0;;3MAS;10;0;0;1;0;;3MAS;10;0;0;1;0;;2_LICE1;2_NAL1;8LAK-2X;8LAK-2X;2;2;2;2;0;0;;0;1;4026531840;0;0;0;0;0;1;1;0;;;;;;;;;;;;System.Byte[];1;0;;;1;1;1;-16777216;4026531840;0;1206;;;;;;;;;;;;;;;;1;1;0;1;;;;
1VEZV_FF;;VEZ VERTIKALNI FURNIR - kant furnir;;;2;24;;;;1IV18;;1;0;18;0;4FRT10;1;0;0;0;0;;4FRT10;1;0;0;0;0;;4FRT10;1;0;0;0;0;;4FRT10;1;0;0;0;0;;2_LICE1;2_NAL1;8LAK-2X;8LAK-2X;0;0;0;0;0;0;;0;1;4026531840;0;0;0;0;0;1;1;0;;;;;;;;;;;;System.Byte[];1;0;;;1;1;1;-16777216;4026531840;0;1205;;;;;;;;;;;;;;;;1;1;0;1;;;;
2PREG2_PSXX;;PREGRADA - kant 2;Prednji Stražnji;;54;;;;;1IL18;;1;0;18;0;4ABS10;1;0;0;0;0;;4ABS10;1;0;0;0;0;;;0;0;0;0;0;;;0;0;0;0;0;;;;;;0;0;0;0;0;0;;0;1;4026531840;0;0;0;0;0;1;1;0;;;;;;;;;;;;System.Byte[];1;0;;;1;1;1;-16777216;4026531840;0;1081;;;;;;;;;;;;;;;;1;1;0;1;;;;
1STRFM4_PSDG;;STRANICA FURNIR - kant masiv 4;Prednji Stražnji Donji Gornji;;54;;;;;1IV18;;1;0;18;0;3MAS;10;0;0;1;0;;3MAS;10;0;0;1;0;;3MAS;10;0;0;1;0;;3MAS;10;0;0;1;0;;2_LICE1;2_NAL1;8LAK-2X;8LAK-2X;2;2;2;2;0;0;;0;1;4026531840;0;0;0;0;0;1;1;0;;;;;;;;;;;;System.Byte[];1;0;;;1;1;1;-16777216;4026531840;0;642;;;;;;;;;;;;;;;;1;1;0;1;;;;
1VEZ_;;VEZ;;;54;;;;;1IL18;;1;0;18;0;;0;0;0;0;0;;;0;0;0;0;0;;;0;0;0;0;0;;;0;0;0;0;0;;;;;;-1;-1;-1;-1;0;0;;0;1;4026531840;0;0;0;0;0;1;1;0;;;;;;;;;;;;System.Byte[];1;0;;;1;1;1;-16777216;4026531840;0;643;;;;;;;;;;;;;;;;1;1;0;1;;;;
1STR2_XXDG;;STRANICA - kant 2; Donji Gornji;;54;;;;;1IL18;;1;0;18;0;;0;0;0;0;0;;;0;0;0;0;0;;4ABS10;1;0;0;0;0;;4ABS10;1;0;0;0;0;;;;;;1;1;1;1;0;0;;0;1;4026531840;0;0;0;0;0;1;1;0;;;;;;;;;;;;System.Byte[];1;0;;;1;1;1;-16777216;4026531840;0;1086;;;;;;;;;;;;;;;;1;1;0;1;;;;
1VEZV_MAS;;VEZ VERTIKALNI MASIV;;;2;24;;;;1MP18;;1;0;18;0;;0;0;0;0;0;;;0;0;0;0;0;;;0;0;0;0;0;;;0;0;0;0;0;;;;;;-1;-1;-1;-1;0;0;;0;1;4026531840;0;0;0;0;0;1;1;0;;;;;;;;;;;;System.Byte[];1;0;;;1;1;1;-16777216;4026531840;0;1207;;;;;;;;;;;;;;;;1;1;0;1;;;;
7PRAL_L40X20X2;;PROFIL ALUMINIJSKI L 40 x 20 x 2;;;8;55;;;;9PL_40_20_2;;1;0;0;0;;0;0;0;0;0;;;0;0;0;0;0;;;0;0;0;0;0;;;0;0;0;0;0;;;;;;-1;-1;-1;-1;0;0;;0;5;4026531840;0;0;0;0;0;1;0;0;;;;;;;;;;;;System.Byte[];1;0;;;1;1;1;-16777216;4026531840;0;1085;;;;;;;;;;;;;;;;1;1;0;1;;;;
1VEZV_MDF;;VEZ VERTIKALNI MDF;;;2;24;;;;1MDF18;;1;0;18;0;;0;0;0;0;0;;;0;0;0;0;0;;;0;0;0;0;0;;;0;0;0;0;0;;;;;;-1;-1;-1;-1;0;0;;0;1;4026531840;0;0;0;0;0;1;1;0;;;;;;;;;;;;System.Byte[];1;0;;;1;1;1;-16777216;4026531840;0;1208;;;;;;;;;;;;;;;;1;1;0;1;;;;
2POL_ST;;POLICA STAKLO;;;11;;;;;5STAKLO-10;;1;0;10;0;;;0;0;0;0;;;0;0;0;0;0;;;0;0;0;0;0;;;0;0;0;0;0;;;;;;-1;-1;-1;-1;0;;;0;1;4026531840;0;0;0;0;0;1;1;0;;;;;;;;;;;;System.Byte[];1;0;;;1;1;1;-16777216;4026531840;0;1209;;;;;;;;;;;;;;;;1;1;0;1;;;;
2-;;--------------------------------------------------------;;;11;;;;;;;1;0;0;0;;0;0;0;0;0;;;0;0;0;0;0;;;0;0;0;0;0;;;0;0;0;0;0;;;;;;-1;-1;-1;-1;0;;;0;1;4026531840;0;0;0;0;0;1;1;0;;;;;;;;;;;;;1;0;;;1;1;1;-16777216;4026531840;0;650;;;;;;;;;;;;;;;;1;1;0;1;;;;
2--;;UNUTRAŠNJOST;;;11;;;;;;;1;0;0;0;;0;0;0;0;0;;;0;0;0;0;0;;;0;0;0;0;0;;;0;0;0;0;0;;;;;;-1;-1;-1;-1;0;0;;0;1;4026531840;0;0;0;0;0;1;1;0;;;;;;;;;;;;;1;0;;;1;1;1;-16777216;4026531840;0;651;;;;;;;;;;;;;;;;1;1;0;1;;;;
2---;;--------------------------------------------------------;;;11;;;;;;;1;0;0;0;;0;0;0;0;0;;;0;0;0;0;0;;;0;0;0;0;0;;;0;0;0;0;0;;;;;;-1;-1;-1;-1;0;0;;0;1;4026531840;0;0;0;0;0;1;1;0;;;;;;;;;;;;;1;0;;;1;1;1;-16777216;4026531840;0;652;;;;;;;;;;;;;;;;1;1;0;1;;;;
2POL4_PSLD;;POLICA - kant 4;Prednji Stražnji Lijevi Desni;;54;;;;;1IL18;;1;0;18;0;4ABS10;1;0;0;0;0;;4ABS10;1;0;0;0;0;;4ABS10;1;0;0;0;0;;4ABS10;1;0;0;0;0;;;;;;0;0;0;0;0;0;;0;1;4026531840;0;0;0;0;0;1;1;0;;;;;;;;;;;;System.Byte[];1;0;;;1;1;1;-16777216;4026531840;0;654;;;;;;;;;;;;;;;;1;1;0;1;;;;
7RLED_UK_DIVA;;KANALICA UKOPNA ZA LED DIVA;;;8;56;;;;4LED_DIVUK;;1;0;40;0;;0;0;0;0;0;;;0;0;0;0;0;;;0;0;0;0;0;;;0;0;0;0;0;;;;;;-1;-1;-1;-1;0;0;;0;5;4026531840;0;0;0;0;0;1;0;0;;;;;System.Byte[];;;;;;;System.Byte[];1;0;;;1;1;1;-16777216;4026531840;0;1096;;;;;;;;;;;;;;;;1;1;0;1;;;;
Z_KUHAP;;KUHINJSKI APARATI;;;12;;;;;9D;;1;0;1;0;;0;0;0;0;0;;;0;0;0;0;0;;;0;0;0;0;0;;;0;0;0;0;0;;;;;;-1;-1;-1;-1;0;0;;0;4026597375;4026531840;0;0;0;0;0;1;0;0;;;;;;;;;;;;System.Byte[];1;0;;;1;1;0;-16777216;4026531840;0;1095;;;;;;;;;;;;;;;;1;1;0;0;;;;
7RLED_PO_DIVA;;POKROV KANALICE ZA LED DIVA;;;8;56;;;;4LED_DIVP;;1;0;40;0;;0;0;0;0;0;;;0;0;0;0;0;;;0;0;0;0;0;;;0;0;0;0;0;;;;;;-1;-1;-1;-1;0;0;;0;5;4026531840;0;0;0;0;0;1;0;0;;;;;System.Byte[];;;;;;;System.Byte[];1;0;;;1;1;1;-16777216;4026531840;0;1097;;;;;;;;;;;;;;;;1;1;0;1;;;;
Z_HLAC;;HLAČNIK;;;12;;;;;;;1;0;;0;;0;0;0;0;0;;;0;0;0;0;0;;;0;0;0;0;0;;;0;0;0;0;0;;;;;;-1;-1;-1;-1;0;0;;0;4026531841;4026531840;0;0;0;0;0;1;0;0;;;;;;;;;;;;System.Byte[];1;0;;;1;1;0;-4144960;4026531840;0;1094;;;;;;;;;;;;;;;;1;1;0;0;;;;
3LAD_STAK10;;LADICA STAKLO;;;4;;;;;5STAKLO-10;;1;0;10;0;;0;0;0;0;0;;;;0;0;0;0;;;0;0;0;0;0;;;;0;0;0;0;;;;;;-1;-1;-1;-1;0;0;;0;1;4026531840;0;0;0;0;0;1;1;0;;;;;;;;;;;;System.Byte[];1;0;;;1;1;1;-16777216;4026531840;0;1107;;;;;;;;;;;;;;;;1;1;0;1;;;;
3-;;--------------------------------------------------------;;;4;;;;;;;1;0;0;0;;0;0;0;0;0;;;0;0;0;0;0;;;0;0;0;0;0;;;0;0;0;0;0;;;;;;-1;-1;-1;-1;0;0;;0;1;4026531840;0;0;0;0;0;1;1;0;;;;;;;;;;;;;1;0;;;1;1;1;-16777216;4026531840;0;659;;;;;;;;;;;;;;;;1;1;0;1;;;;
3--;;LADICA;;;4;;;;;;;1;0;0;0;;0;0;0;0;0;;;0;0;0;0;0;;;0;0;0;0;0;;;0;0;0;0;0;;;;;;-1;-1;-1;-1;0;0;;0;1;4026531840;0;0;0;0;0;1;1;0;;;;;;;;;;;;;1;0;;;1;1;1;-16777216;4026531840;0;660;;;;;;;;;;;;;;;;1;1;0;1;;;;
3---;;--------------------------------------------------------;;;4;;;;;;;1;0;0;0;;0;0;0;0;0;;;0;0;0;0;0;;;0;0;0;0;0;;;0;0;0;0;0;;;;;;-1;-1;-1;-1;0;0;;0;1;4026531840;0;0;0;0;0;1;1;0;;;;;;;;;;;;;1;0;;;1;1;1;-16777216;4026531840;0;661;;;;;;;;;;;;;;;;1;1;0;1;;;;
3LADPOD_;;LADICA POD;;;4;;;;;1HFH04;;1;0;4;0;;0;0;0;0;0;;;0;0;0;0;0;;;0;0;0;0;0;;;0;0;0;0;0;;;;;;-1;-1;-1;-1;0;;;0;1;4026531840;0;0;0;0;0;1;1;0;;;;;;;;;;;;System.Byte[];1;0;;;1;1;1;-16777216;4026531840;0;662;;;;;;;;;;;;;;;;1;1;0;1;;;;
Z_LADPOD_FIKT;;LADICA POD FIKTIVNI;;;12;;;;;9D;;1;0;1;0;;0;0;0;0;0;;;0;0;0;0;0;;;0;0;0;0;0;;;0;0;0;0;0;;;;;;-1;-1;-1;-1;0;0;;0;65535;4026531840;0;0;0;0;0;1;0;0;;;;;;;;;;;;System.Byte[];1;0;;;1;1;0;-16777216;4026531840;0;663;;;;;;;;;;;;;;;;1;1;0;0;;;;
3LADPOD_LIM;;LADICA POD LIM;;;4;;;;;5LIM-1;;1;0;1;0;;0;0;0;0;0;;;0;0;0;0;0;;;0;0;0;0;0;;;0;0;0;0;0;;;;;;-1;-1;-1;-1;0;0;;0;1;4026531840;0;0;0;0;0;1;1;0;;;;;;;;;;;;System.Byte[];1;0;;;1;1;1;-16777216;4026531840;0;664;;;;;;;;;;;;;;;;1;1;0;1;;;;
3LADPODP;;LADICA POD PUNI;;;4;;;;;EG_W960ST7_16;;1;0;16;0;4ABS_LADICE;0,8;0;0;0;0;;4ABS_LADICE;0,8;0;0;0;0;;4ABS_LADICE;0,8;0;0;0;0;;4ABS_LADICE;0,8;0;0;0;0;;;;;;0;0;0;0;0;;;0;1;4026531840;0;0;0;0;0;1;1;0;;;;;;;;;;;;System.Byte[];1;0;;;1;1;1;-16777216;4026531840;0;665;;;;;;;;;;;;;;;;1;1;0;1;;;;
BLOK;;za izradu blokova;;;0;0;0;0;0;;;1;0;0;0;;0;0;0;0;0;;;0;0;0;0;0;;;0;0;0;0;0;;;0;0;0;0;0;;;;;;-1;-1;-1;-1;0;0;;0;30;4026531840;0;0;0;0;0;1;1;0;;;;;;;;;;;;System.Byte[];1;0;;;1;1;1;-16777216;4026531840;0;1111;0;0;0;0;;;;;;;;;;;;1;1;0;1;;;;
2POLS_;;POLICA - STAKLO;;;54;;;;;5STAKLO-10;;1;0;10;0;;;0;0;0;0;;;0;0;0;0;0;;;0;0;0;0;0;;;0;0;0;0;0;;;;;;-1;-1;-1;-1;0;0;;0;1;4026531840;0;0;0;0;0;1;1;0;;;;;;;;;;;;System.Byte[];1;0;;;1;1;1;-16777216;4026531840;0;1112;;;;;;;;;;;;;;;;1;1;0;1;;;;
7LET_MAS_P;;LETVA MASIV - poprečna;;;54;;;;;3MAS;;1;0;0;0;;0;0;0;0;0;;;0;0;0;0;0;;;0;0;0;0;0;;;0;0;0;0;0;;;;;;-1;-1;-1;-1;0;0;;1;5;4026531840;0;0;0;0;0;1;0;0;;;;;;;;;;;;System.Byte[];1;0;;;1;1;1;-16777216;4026531840;0;1116;;;;;;;;;;;;;;;;1;1;0;1;;;;
3LADPODP4_PSLD;;LADICA POD - kant 4;Prednji Stražnji Lijevi Desni;;54;;;;;1IL16;;1;0;16;0;4ABS10;1;0;0;0;0;;4ABS10;1;0;0;0;0;;4ABS10;1;0;0;0;0;;4ABS10;1;0;0;0;0;;;;;;0;0;0;0;0;0;;0;1;4026531840;0;0;0;0;0;1;1;0;;;;;;;;;;;;System.Byte[];1;0;;;1;1;1;-16777216;4026531840;0;669;;;;;;;;;;;;;;;;1;1;0;1;;;;
2POL;;POLICA;;;11;;;;;EG_W960ST7_18;;1;0;18;0;4ABS_POLICE;0,8;0;0;0;0;;4ABS_POLICE;0,8;0;0;0;0;;4ABS_POLICE;0,8;0;0;0;0;;4ABS_POLICE;0,8;0;0;0;0;;;;;;0;0;0;0;0;0;;0;1;4026531840;0;0;0;0;0;1;1;0;;;;;;;;;;;;System.Byte[];1;0;;;1;1;1;-16777216;4026531840;0;1210;;;;;;;;;;;;;;;;1;1;0;1;;;;
4VRAOM4_DLDG;;VRATA OBLOGA  - masiv kant 4;Desno Lijevo Dolje Gore;;54;;;;;1IV16;;1;0;16;0;4MAS08;8;0;0;1;0;;4MAS08;8;0;0;1;0;;4MAS08;8;0;0;1;0;;4MAS08;8;0;0;1;0;;1UT_B1;1UT_B1;;;0;0;0;0;0;0;;0;1;4026531840;0;0;0;0;0;1;1;0;;;;;;;;;;;;System.Byte[];1;0;;;1;1;1;-16777216;4026531840;0;1114;;;;;;;;;;;;;;;;1;1;0;1;;;;
3LADPRE4_DGLD;;LADICA PREDNJI - kant 4;Donji Gornji Lijevi Desni;;54;;;;;1IL18;;1;0;18;0;4ABS10;1;0;0;0;0;;4ABS10;1;0;0;0;0;;4ABS10;1;0;0;0;0;;4ABS10;1;0;0;0;0;;;;;;0;0;0;0;0;0;;0;1;4026531840;0;0;0;0;0;1;1;0;;;;;;;;;;;;System.Byte[];1;0;;;1;1;1;-16777216;4026531840;0;672;;;;;;;;;;;;;;;;1;1;0;1;;;;
7OKV_AL;;OKVIR ALUMINIJSKI;;;8;55;;;;4ALOKV_US;;1;0;20;0;;0;0;0;0;0;;;0;0;0;0;0;;;0;0;0;0;0;;;0;0;0;0;0;;;;;;-1;-1;-1;-1;0;0;;0;5;4026531840;0;0;0;0;0;1;0;0;;;;;;;;;;;;System.Byte[];1;0;;;1;1;1;-16777216;4026531840;0;1113;;;;;;;;;;;;;;;;1;1;0;1;;;;
3LADSTR3_-GPS;;LADICA STRANICA - kant 3;Gornji Prednji Stražnji;;54;;;;;1IL16;;1;0;16;0;;0;0;0;0;0;;4ABS10;1;0;0;0;0;;4ABS10;1;0;0;0;0;;4ABS10;1;0;0;0;0;;;;;;1;1;0;0;0;0;;0;1;4026531840;0;0;0;0;0;1;1;0;;;;;;;;;;;;System.Byte[];1;0;;;1;1;1;-16777216;4026531840;0;675;;;;;;;;;;;;;;;;1;1;0;1;;;;
3LADSTR4_DGPS;;LADICA STRANICA - kant 4;Donji Gornji Prednji Stražnji;;54;;;;;1IL16;;1;0;16;0;4ABS10;1;0;0;0;0;;4ABS10;1;0;0;0;0;;4ABS10;1;0;0;0;0;;4ABS10;1;0;0;0;0;;;;;;0;0;0;0;0;0;;0;1;4026531840;0;0;0;0;0;1;1;0;;;;;;;;;;;;System.Byte[];1;0;;;1;1;1;-16777216;4026531840;0;676;;;;;;;;;;;;;;;;1;1;0;1;;;;
2POL_FF;;POLICA FURNIR - kant furnir;;;11;;;;;1IV18;;1;0;18;0;4FRT10;1;0;0;0;0;;4FRT10;1;0;0;0;0;;4FRT10;1;0;0;0;0;;4FRT10;1;0;0;0;0;;2_LICE1;2_NAL1;8LAK-2X;8LAK-2X;0;0;0;0;0;0;;0;1;4026531840;0;0;0;0;0;1;1;0;;;;;;;;;;;;System.Byte[];1;0;;;1;1;1;-16777216;4026531840;0;1211;;;;;;;;;;;;;;;;1;1;0;1;;;;
2POL_FM;;POLICA FURNIR - kant masiv;;;11;;;;;1IV18;;1;0;18;0;3MAS;10;0;0;1;0;;3MAS;10;0;0;1;0;;3MAS;10;0;0;1;0;;3MAS;10;0;0;1;0;;2_LICE1;2_NAL1;8LAK-2X;8LAK-2X;2;2;2;2;0;0;;0;1;4026531840;0;0;0;0;0;1;1;0;;;;;;;;;;;;System.Byte[];1;0;;;1;1;1;-16777216;4026531840;0;1212;;;;;;;;;;;;;;;;1;1;0;1;;;;
3LADZAD4_DGLD;;LADICA ZADNJI - kant 4;Donji Gornji Lijevi Desni;;54;;;;;1IL16;;1;0;16;0;4ABS10;1;0;0;0;0;;4ABS10;1;0;0;0;0;;4ABS10;1;0;0;0;0;;4ABS10;1;0;0;0;0;;;;;;0;0;0;0;0;0;;0;1;4026531840;0;0;0;0;0;1;1;0;;;;;;;;;;;;System.Byte[];1;0;;;1;1;1;-16777216;4026531840;0;679;;;;;;;;;;;;;;;;1;1;0;1;;;;
3LET_IP;;LETVICA IZVLAČNE POLICE;;;4;;;;;1IL16;;1;0;16;0;;0;0;0;0;0;;;0;0;0;0;0;;;0;0;0;0;0;;;0;0;0;0;0;;;;;;-1;-1;-1;-1;0;0;;0;0;4026531840;0;0;0;0;0;1;1;0;;;;;;;;;;;;System.Byte[];1;0;;;1;1;1;-16777216;4026531840;0;680;;;;;;;;;;;;;;;;1;1;0;1;;;;
3REL_KUT;;LADICA RELIG KUTNIK;;;4;;;;;9D;;1;0;1;0;;0;0;0;0;0;;;0;0;0;0;0;;;0;0;0;0;0;;;0;0;0;0;0;;;;;;-1;-1;-1;-1;0;0;;0;0;4026531840;0;0;0;0;0;1;1;0;;;;;;;;;;;;;1;0;;;1;1;1;-16777216;4026531840;0;681;;;;;;;;;;;;;;;;1;1;0;1;;;;
3REL_PAL;;LADICA RELIG PALICA;;;4;;;;;BL_ZRG_1104U;;1;0;5;0;;0;0;0;0;0;;;0;0;0;0;0;;;0;0;0;0;0;;;0;0;0;0;0;;;;;;-1;-1;-1;-1;0;0;;0;0;4026531840;0;0;0;0;0;1;1;0;;;;;;;;;;;;System.Byte[];1;0;;;1;1;1;-16777216;4026531840;0;682;;;;;;;;;;;;;;;;1;1;0;1;;;;
4-;;--------------------------------------------------------;;;1;;;;;;;1;0;0;0;;0;0;0;0;0;;;0;0;0;0;0;;;0;0;0;0;0;;;0;0;0;0;0;;;;;;-1;-1;-1;-1;0;;;0;1;4026531840;0;0;0;0;0;1;1;0;;;;;;;;;;;;;1;0;;;1;1;1;-16777216;4026531840;0;683;;;;;;;;;;;;;;;;1;1;0;1;;;;
4--;;FRONTA;;;1;;;;;;;1;0;0;0;;0;0;0;0;0;;;0;0;0;0;0;;;0;0;0;0;0;;;0;0;0;0;0;;;;;;-1;-1;-1;-1;0;0;;0;1;4026531840;0;0;0;0;0;1;1;0;;;;;;;;;;;;;1;0;;;1;1;1;-16777216;4026531840;0;684;;;;;;;;;;;;;;;;1;1;0;1;;;;
4---;;--------------------------------------------------------;;;1;;;;;;;1;0;0;0;;0;0;0;0;0;;;0;0;0;0;0;;;0;0;0;0;0;;;0;0;0;0;0;;;;;;-1;-1;-1;-1;0;0;;0;1;4026531840;0;0;0;0;0;1;1;0;;;;;;;;;;;;;1;0;;;1;1;1;-16777216;4026531840;0;685;;;;;;;;;;;;;;;;1;1;0;1;;;;
4CEL4_DLDG;;ČELO LADICE - kant 4;Desno Lijevo Dolje Gore;;54;;;;;1IL18F;;1;0;18;0;4ABS10;1;0;0;0;0;;4ABS10;1;0;0;0;0;;4ABS10;1;0;0;0;0;;4ABS10;1;0;0;0;0;;;;;;0;0;0;0;0;0;;0;1;4026531840;0;0;0;0;0;1;1;0;;;;;;;;;;;;System.Byte[];1;0;;;1;1;1;-16777216;4026531840;0;686;;;;;;;;;;;;;;;;1;1;0;1;;;;
4MAS4_DLDG;;MASKA - kant 4;Desno Lijevo Dolje Gore;;54;;;;;1IL18;;1;0;18;0;4ABS10;1;0;0;0;0;;4ABS10;1;0;0;0;0;;4ABS10;1;0;0;0;0;;4ABS10;1;0;0;0;0;;;;;;0;0;0;0;0;0;;0;1;4026531840;0;0;0;0;0;1;1;0;;;;;;;;;;;;System.Byte[];1;0;;;1;1;1;-16777216;4026531840;0;687;;;;;;;;;;;;;;;;1;1;0;1;;;;
3LADPODT;;LADICA POD TANKI;;;4;;;;;1HFH04;;1;0;4;0;;0;0;0;0;0;;;0;0;0;0;0;;;0;0;0;0;0;;;0;0;0;0;0;;;;;;-1;-1;-1;-1;0;;;0;1;4026531840;0;0;0;0;0;1;1;0;;;;;;;;;;;;System.Byte[];1;0;;;1;1;1;-16777216;4026531840;0;1225;;;;;;;;;;;;;;;;1;1;0;1;;;;
2POL_MAS;;POLICA MASIV;;;11;;;;;1MP18;;1;0;18;0;;0;0;0;0;0;;;0;0;0;0;0;;;0;0;0;0;0;;;0;0;0;0;0;;;;;;-1;-1;-1;-1;0;0;;0;1;4026531840;0;0;0;0;0;1;1;0;;;;;;;;;;;;System.Byte[];1;0;;;1;1;1;-16777216;4026531840;0;1213;;;;;;;;;;;;;;;;1;1;0;1;;;;
4VRA4_DLDG;;VRATA - kant 4;Desno Lijevo Dolje Gore;;54;;;;;1IL18;;1;0;18;0;4ABS10;1;0;0;0;0;;4ABS10;1;0;0;0;0;;4ABS10;1;0;0;0;0;;4ABS10;1;0;0;0;0;;;;;;0;0;0;0;0;0;;0;1;4026531840;0;0;0;0;0;1;1;0;;;;;;;;;;;;System.Byte[];1;0;;;1;1;1;-16777216;4026531840;0;696;;;;;;;;;;;;;;;;1;1;0;1;;;;
5-;;--------------------------------------------------------;;;6;;;;;;;1;0;0;0;;0;0;0;0;0;;;0;0;0;0;0;;;0;0;0;0;0;;;0;0;0;0;0;;;;;;-1;-1;-1;-1;0;;;0;1;4026531840;0;0;0;0;0;1;1;0;;;;;;;;;;;;;1;0;;;1;1;1;-16777216;4026531840;0;699;;;;;;;;;;;;;;;;1;1;0;1;;;;
5--;;PODNOŽJE;;;6;;;;;;;1;0;0;0;;0;0;0;0;0;;;0;0;0;0;0;;;0;0;0;0;0;;;0;0;0;0;0;;;;;;-1;-1;-1;-1;0;0;;0;1;4026531840;0;0;0;0;0;1;1;0;;;;;;;;;;;;;1;0;;;1;1;1;-16777216;4026531840;0;700;;;;;;;;;;;;;;;;1;1;0;1;;;;
5---;;--------------------------------------------------------;;;6;;;;;;;1;0;0;0;;0;0;0;0;0;;;0;0;0;0;0;;;0;0;0;0;0;;;0;0;0;0;0;;;;;;-1;-1;-1;-1;0;0;;0;1;4026531840;0;0;0;0;0;1;1;0;;;;;;;;;;;;;1;0;;;1;1;1;-16777216;4026531840;0;701;;;;;;;;;;;;;;;;1;1;0;1;;;;
7IOD_VODG2_GD;;IN_OUT DRIVE VODILICA GORNJA DVOSTRUKA;ger Desno;;8;46;;;;AS_SAS510.151;;1;0;;0;;0;0;0;0;0;;;0;0;0;0;0;;;0;0;0;0;0;;;0;0;0;0;0;;;;;;-1;-1;-1;-1;0;0;;0;5;4026531840;0;0;0;0;0;1;0;0;;;;;System.Byte[];;;;;;;System.Byte[];1;0;;;1;1;1;-16777216;4026531840;0;1031;;;;;;;;;;;;;;;;1;1;0;1;;;AluStyle\In-Out Drive gornja vodilice ger D.jpg;
2POL_MDF;;POLICA MDF;;;11;;;;;1MDF18;;1;0;18;0;;0;0;0;0;0;;;0;0;0;0;0;;;0;0;0;0;0;;;0;0;0;0;0;;;;;;-1;-1;-1;-1;0;0;;0;1;4026531840;0;0;0;0;0;1;1;0;;;;;;;;;;;;System.Byte[];1;0;;;1;1;1;-16777216;4026531840;0;1214;;;;;;;;;;;;;;;;1;1;0;1;;;;
2PREGH_FF;;PREGRADA HORIZONTALNA FURNIR - kant furnir;;;11;;;;;1IV18;;1;0;18;0;4FRT10;1;0;0;0;0;;4FRT10;1;0;0;0;0;;4FRT10;1;0;0;0;0;;4FRT10;1;0;0;0;0;;2_LICE1;2_NAL1;8LAK-2X;8LAK-2X;0;0;0;0;0;0;;0;1;4026531840;0;0;0;0;0;1;1;0;;;;;;;;;;;;System.Byte[];1;0;;;1;1;1;-16777216;4026531840;0;1216;;;;;;;;;;;;;;;;1;1;0;1;;;;
5PODN_;;PODNOŽJE NAPRIJED;;;54;;;;;1IL18;;1;0;18;0;;0;0;0;0;0;;;0;0;0;0;0;;;0;0;0;0;0;;;0;0;0;0;0;;;;;;-1;-1;-1;-1;0;0;;0;1;4026531840;0;0;0;0;0;1;1;0;;;;;;;;;;;;System.Byte[];1;0;;;1;1;1;-16777216;4026531840;0;706;;;;;;;;;;;;;;;;1;1;0;1;;;;
2PREGH_FM;;PREGRADA HORIZONTALNA FURNIR - kant masiv;;;11;;;;;1IV18;;1;0;18;0;3MAS;10;0;0;1;0;;3MAS;10;0;0;1;0;;3MAS;10;0;0;1;0;;3MAS;10;0;0;1;0;;2_LICE1;2_NAL1;8LAK-2X;8LAK-2X;2;2;2;2;0;0;;0;1;4026531840;0;0;0;0;0;1;1;0;;;;;;;;;;;;System.Byte[];1;0;;;1;1;1;-16777216;4026531840;0;1217;;;;;;;;;;;;;;;;1;1;0;1;;;;
3LADZAD;;LADICA ZADNJI;;;4;;;;;EG_W960ST7_16;;1;0;16;0;4ABS_LADICE;0,8;0;0;0;0;;4ABS_LADICE;0,8;0;0;0;0;;4ABS_LADICE;0,8;0;0;0;0;;4ABS_LADICE;0,8;0;0;0;0;;;;;;0;0;0;0;0;;;0;1;4026531840;0;0;0;0;0;1;1;0;;;;;;;;;;;;System.Byte[];1;0;;;1;1;1;-16777216;4026531840;0;1227;;;;;;;;;;;;;;;;1;1;0;1;;;;
2PREGH_MAS;;PREGRADA HORIZONTALNA MASIV;;;11;;;;;1MP18;;1;0;18;0;;0;0;0;0;0;;;0;0;0;0;0;;;0;0;0;0;0;;;0;0;0;0;0;;;;;;-1;-1;-1;-1;0;0;;0;1;4026531840;0;0;0;0;0;1;1;0;;;;;;;;;;;;System.Byte[];1;0;;;1;1;1;-16777216;4026531840;0;1218;;;;;;;;;;;;;;;;1;1;0;1;;;;
2PREGH_MDF;;PREGRADA HORIZONTALNA MDF;;;11;;;;;1MDF18;;1;0;18;0;;0;0;0;0;0;;;0;0;0;0;0;;;0;0;0;0;0;;;0;0;0;0;0;;;;;;-1;-1;-1;-1;0;0;;0;1;4026531840;0;0;0;0;0;1;1;0;;;;;;;;;;;;System.Byte[];1;0;;;1;1;1;-16777216;4026531840;0;1219;;;;;;;;;;;;;;;;1;1;0;1;;;;
2PREGV;;PREGRADA VERTIKALNA;;;11;;;;;1IL18;;1;0;18;0;4ABS10;1;0;0;0;0;;4ABS10;1;0;0;0;0;;4ABS10;1;0;0;0;0;;4ABS10;1;0;0;0;0;;;;;;0;0;0;0;0;;;0;1;4026531840;0;0;0;0;0;1;1;0;;;;;;;;;;;;System.Byte[];1;0;;;1;1;1;-16777216;4026531840;0;1220;;;;;;;;;;;;;;;;1;1;0;1;;;;
2PREGV_FF;;PREGRADA VERTIKALNA FURNIR - kant furnir;;;11;;;;;1IV18;;1;0;18;0;4FRT10;1;0;0;0;0;;4FRT10;1;0;0;0;0;;4FRT10;1;0;0;0;0;;4FRT10;1;0;0;0;0;;2_LICE1;2_NAL1;8LAK-2X;8LAK-2X;0;0;0;0;0;0;;0;1;4026531840;0;0;0;0;0;1;1;0;;;;;;;;;;;;System.Byte[];1;0;;;1;1;1;-16777216;4026531840;0;1221;;;;;;;;;;;;;;;;1;1;0;1;;;;
6-;;--------------------------------------------------------;;;7;;;;;;;1;0;0;0;;0;0;0;0;0;;;0;0;0;0;0;;;0;0;0;0;0;;;0;0;0;0;0;;;;;;-1;-1;-1;-1;0;0;;0;1;4026531840;0;0;0;0;0;1;1;0;;;;;;;;;;;;;1;0;;;1;1;1;-16777216;4026531840;0;714;;;;;;;;;;;;;;;;1;1;0;1;;;;
6--;;PULTOVI;;;7;;;;;;;1;0;0;0;;0;0;0;0;0;;;0;0;0;0;0;;;0;0;0;0;0;;;0;0;0;0;0;;;;;;-1;-1;-1;-1;0;0;;0;1;4026531840;0;0;0;0;0;1;1;0;;;;;;;;;;;;;1;0;;;1;1;1;-16777216;4026531840;0;715;;;;;;;;;;;;;;;;1;1;0;1;;;;
6---;;--------------------------------------------------------;;;7;;;;;;;1;0;0;0;;0;0;0;0;0;;;0;0;0;0;0;;;0;0;0;0;0;;;0;0;0;0;0;;;;;;-1;-1;-1;-1;0;0;;0;1;4026531840;0;0;0;0;0;1;1;0;;;;;;;;;;;;;1;0;;;1;1;1;-16777216;4026531840;0;716;;;;;;;;;;;;;;;;1;1;0;1;;;;
6KUTLET;;KUTNA LETVA;;;7;;;;;4KUTPLO;;1;0;25;0;;0;0;0;0;0;;;0;0;0;0;0;;;0;0;0;0;0;;;0;0;0;0;0;;;;;;-1;-1;-1;-1;0;0;;0;5;4026531840;0;0;0;0;0;1;0;0;;;;;;;;;;;;;1;0;;;1;1;1;-16777216;4026531840;0;717;;;;;;;;;;;;;;;;1;1;0;1;;;;
6KUTLET_KU;;KUTNA LETVA - KUTNIK UNUTARNJI;;;7;;;;;4KUTPLO_KU;;1;0;25;0;;0;0;0;0;0;;;0;0;0;0;0;;;0;0;0;0;0;;;0;0;0;0;0;;;;;;-1;-1;-1;-1;0;0;;0;5;4026531840;0;0;0;0;0;1;0;0;;;;;;;;;;;;;1;0;;;1;1;1;-16777216;4026531840;0;718;;;;;;;;;;;;;;;;1;1;0;1;;;;
6KUTLET_KV;;KUTNA LETVA - KUTNIK VANJSKI;;;7;;;;;4KUTPLO_KV;;1;0;20;0;;0;0;0;0;0;;;0;0;0;0;0;;;0;0;0;0;0;;;0;0;0;0;0;;;;;;-1;-1;-1;-1;0;0;;0;5;4026531840;0;0;0;0;0;1;0;0;;;;;;;;;;;;;1;0;;;1;1;1;-16777216;4026531840;0;719;;;;;;;;;;;;;;;;1;1;0;1;;;;
6KUTLET_ZD;;KUTNA LETVA - ZAVRŠETAK DESNI;;;7;;;;;4KUTPLO_ZD;;1;0;25;0;;0;0;0;0;0;;;0;0;0;0;0;;;0;0;0;0;0;;;0;0;0;0;0;;;;;;-1;-1;-1;-1;0;0;;0;5;4026531840;0;0;0;0;0;1;0;0;;;;;;;;;;;;;1;0;;;1;1;1;-16777216;4026531840;0;720;;;;;;;;;;;;;;;;1;1;0;1;;;;
6KUTLET_ZL;;KUTNA LETVA - ZAVRŠETAK LIJEVI;;;7;;;;;4KUTPLO_ZL;;1;0;25;0;;0;0;0;0;0;;;0;0;0;0;0;;;0;0;0;0;0;;;0;0;0;0;0;;;;;;-1;-1;-1;-1;0;0;;0;5;4026531840;0;0;0;0;0;1;0;0;;;;;;;;;;;;;1;0;;;1;1;1;-16777216;4026531840;0;721;;;;;;;;;;;;;;;;1;1;0;1;;;;
7IOD_VODG2_GL;;IN_OUT DRIVE VODILICA GORNJA DVOSTRUKA;ger Lijevo;;8;46;;;;VS_MNPVXL09;;1;0;25;0;;0;0;0;0;0;;;0;0;0;0;0;;;0;0;0;0;0;;;0;0;0;0;0;;;;;;-1;-1;-1;-1;0;0;;0;5;4026531840;0;0;0;0;0;1;0;0;;;;;System.Byte[];;;;;;;System.Byte[];1;0;;;1;1;1;-16777216;4026531840;0;1030;;;;;;;;;;;;;;;;1;1;0;1;;;AluStyle\In-Out Drive gornja vodilice ger L.jpg;
5PODND;;PODNOŽJE DESNO;;;6;57;;;;VO_BIJELI_MAT_COKUL150;;1;0;13;0;;;0;0;0;0;;;;0;0;0;0;;;;0;0;0;0;;;;0;0;0;0;;;;;;-1;-1;-1;-1;0;;;0;1;4026531840;0;0;0;0;0;1;1;0;;;;;;;;;;;;System.Byte[];1;0;;;1;1;1;-16777216;4026531840;0;1244;;;;;;;;;;;;;;;;1;1;0;1;;;;
6RPLO4_PSLD;;RADNA PLOČA - kant 4;Prednji Stražnji Lijevi Desni;;54;;;;;1IL38;;1;0;38;0;4ABS10;1;0;0;0;0;;4ABS10;1;0;0;0;0;;4ABS10;1;0;0;0;0;;4ABS10;1;0;0;0;0;;;;;;0;0;0;0;0;0;;0;1;4026531840;0;0;0;0;0;1;1;0;;;;;;;;;;;;System.Byte[];1;0;;;1;1;1;-16777216;4026531840;0;725;;;;;;;;;;;;;;;;1;1;0;1;;;;
4OUKL_ST;;UKLADA OKVIRA STAKLENA;;;1;26;28;30;;5STAKLO-05;;1;0;5;0;;0;0;0;0;0;;;0;0;0;0;0;;;0;0;0;0;0;;;0;0;0;0;0;;;;;;-1;-1;-1;-1;0;0;;0;1;4026531840;0;0;0;0;0;1;0;0;;;;;;;;;;;;System.Byte[];1;0;;;1;1;0;-16777216;4026531840;0;1242;;;;;;;;;;;;;;;;0;0;0;0;;;;
7-;;--------------------------------------------------------;;;8;;;;;;;1;0;0;0;;0;0;0;0;0;;;0;0;0;0;0;;;0;0;0;0;0;;;0;0;0;0;0;;;;;;-1;-1;-1;-1;0;0;;0;1;4026531840;0;0;0;0;0;1;1;0;;;;;;;;;;;;;1;0;;;1;1;1;-16777216;4026531840;0;727;;;;;;;;;;;;;;;;1;1;0;1;;;;
7--;;RAZNO;;;8;;;;;;;1;0;0;0;;0;0;0;0;0;;;0;0;0;0;0;;;0;0;0;0;0;;;0;0;0;0;0;;;;;;-1;-1;-1;-1;0;0;;0;1;4026531840;0;0;0;0;0;1;1;0;;;;;;;;;;;;;1;0;;;1;1;1;-16777216;4026531840;0;728;;;;;;;;;;;;;;;;1;1;0;1;;;;
7---;;--------------------------------------------------------;;;8;;;;;;;1;0;0;0;;0;0;0;0;0;;;0;0;0;0;0;;;0;0;0;0;0;;;0;0;0;0;0;;;;;;-1;-1;-1;-1;0;0;;0;1;4026531840;0;0;0;0;0;1;1;0;;;;;;;;;;;;;1;0;;;1;1;1;-16777216;4026531840;0;729;;;;;;;;;;;;;;;;1;1;0;1;;;;
7LET_KUTNA;;LETVA KUTNA;;;8;49;;;;1IL18;;1;0;18;0;;0;0;0;0;0;;;0;0;0;0;0;;;0;0;0;0;0;;;0;0;0;0;0;;;;;;-1;-1;-1;-1;0;0;;0;5;4026531840;0;0;0;0;0;1;0;0;;;;;;;;;;;;System.Byte[];1;0;;;1;1;1;-16777216;4026531840;0;730;;;;;;;;;;;;;;;;1;1;0;1;;;;
7LET_MAS;;LETVA MASIV;;;8;49;;;;3MAS;;1;0;0;0;;0;0;0;0;0;;;0;0;0;0;0;;;0;0;0;0;0;;;0;0;0;0;0;;;;;;-1;-1;-1;-1;0;0;;0;5;4026531840;0;0;0;0;0;1;0;0;;;;;;;;;;;;System.Byte[];1;0;;;1;1;1;-16777216;4026531840;0;731;;;;;;;;;;;;;;;;1;1;0;1;;;;
8-;;--------------------------------------------------------;;;9;;;;;;;1;0;0;0;;0;0;0;0;0;;;0;0;0;0;0;;;0;0;0;0;0;;;0;0;0;0;0;;;;;;-1;-1;-1;-1;0;;;0;1;4026531840;0;0;0;0;0;1;1;0;;;;;;;;;;;;;1;0;;;1;1;1;-16777216;4026531840;0;733;;;;;;;;;;;;;;;;1;1;0;1;;;;
8--;;STOLARIJA;;;9;;;;;;;1;0;0;0;;0;0;0;0;0;;;0;0;0;0;0;;;0;0;0;0;0;;;0;0;0;0;0;;;;;;-1;-1;-1;-1;0;0;;0;1;4026531840;0;0;0;0;0;1;1;0;;;;;;;;;;;;;1;0;;;1;1;1;-16777216;4026531840;0;734;;;;;;;;;;;;;;;;1;1;0;1;;;;
8---;;--------------------------------------------------------;;;9;;;;;;;1;0;0;0;;0;0;0;0;0;;;0;0;0;0;0;;;0;0;0;0;0;;;0;0;0;0;0;;;;;;-1;-1;-1;-1;0;0;;0;1;4026531840;0;0;0;0;0;1;1;0;;;;;;;;;;;;;1;0;;;1;1;1;-16777216;4026531840;0;735;;;;;;;;;;;;;;;;1;1;0;1;;;;
2PREGV_FM;;PREGRADA VERTIKALNA FURNIR - kant masiv;;;11;;;;;1IV18;;1;0;18;0;3MAS;10;0;0;1;0;;3MAS;10;0;0;1;0;;3MAS;10;0;0;1;0;;3MAS;10;0;0;1;0;;2_LICE1;2_NAL1;8LAK-2X;8LAK-2X;2;2;2;2;0;0;;0;1;4026531840;0;0;0;0;0;1;1;0;;;;;;;;;;;;System.Byte[];1;0;;;1;1;1;-16777216;4026531840;0;1222;;;;;;;;;;;;;;;;1;1;0;1;;;;
2PREGV_MAS;;PREGRADA VERTIKALNA MASIV;;;11;;;;;1MP18;;1;0;18;0;;0;0;0;0;0;;;0;0;0;0;0;;;0;0;0;0;0;;;0;0;0;0;0;;;;;;-1;-1;-1;-1;0;0;;0;1;4026531840;0;0;0;0;0;1;1;0;;;;;;;;;;;;System.Byte[];1;0;;;1;1;1;-16777216;4026531840;0;1223;;;;;;;;;;;;;;;;1;1;0;1;;;;
2PREGV_MDF;;PREGRADA VERTIKALNA MDF;;;11;;;;;1MDF18;;1;0;18;0;;0;0;0;0;0;;;0;0;0;0;0;;;0;0;0;0;0;;;0;0;0;0;0;;;;;;-1;-1;-1;-1;0;0;;0;1;4026531840;0;0;0;0;0;1;1;0;;;;;;;;;;;;System.Byte[];1;0;;;1;1;1;-16777216;4026531840;0;1224;;;;;;;;;;;;;;;;1;1;0;1;;;;
3LADPR;;LADICA PREDNJI;;;4;;;;;EG_W960ST7_16;;1;0;16;0;4ABS_LADICE;0,8;0;0;0;0;;4ABS_LADICE;0,8;0;0;0;0;;4ABS_LADICE;0,8;0;0;0;0;;4ABS_LADICE;0,8;0;0;0;0;;;;;;0;0;0;0;0;;;0;1;4026531840;0;0;0;0;0;1;1;0;;;;;;;;;;;;System.Byte[];1;0;;;1;1;1;-16777216;4026531840;0;1226;;;;;;;;;;;;;;;;1;1;0;1;;;;
3LADPRZAD;;LADICA PREDNJI-ZADNJI;;;4;;;;;1IL16;;1;0;16;0;4ABS10;1;0;0;0;0;;4ABS10;1;0;0;0;0;;4ABS10;1;0;0;0;0;;4ABS10;1;0;0;0;0;;;;;;0;0;0;0;0;0;;0;1;4026531840;0;0;0;0;0;1;1;0;;;;;;;;;;;;System.Byte[];1;0;;;1;1;1;-16777216;4026531840;0;1228;;;;;;;;;;;;;;;;1;1;0;1;;;;
3LADSTRD;;LADICA STRANICA DESNA;;;4;;;;;EG_W960ST7_16;;1;0;16;0;4ABS_LADICE;0,8;0;0;0;0;;4ABS_LADICE;0,8;0;0;0;0;;4ABS_LADICE;0,8;0;0;0;0;;4ABS_LADICE;0,8;0;0;0;0;;;;;;0;0;0;0;0;;;0;1;4026531840;0;0;0;0;0;1;1;0;;;;;;;;;;;;System.Byte[];1;0;;;1;1;1;-16777216;4026531840;0;1229;;;;;;;;;;;;;;;;1;1;0;1;;;;
4VRA;;VRATA;;;1;25;32;;;1IL18F;;1;0;18;0;4ABS10;1;0;0;0;0;;4ABS10;1;0;0;0;0;;4ABS10;1;0;0;0;0;;4ABS10;1;0;0;0;0;;;;;;0;0;0;0;0;;;0;1;4026531840;0;0;0;0;0;1;1;0;;;;;;;;;;;;System.Byte[];1;0;;;1;1;1;-16777216;4026531840;0;1231;;;;;;;;;;;;;;;;1;1;0;1;;;;
4VRAO_MAS;;VRATA OBLOGA MASIV;;;1;25;32;;;1IV16;;1;0;16;0;4MAS08;8;0;0;1;0;;4MAS08;8;0;0;1;0;;4MAS08;8;0;0;1;0;;4MAS08;8;0;0;1;0;;1UT_B1;1UT_B1;;;0;0;0;0;0;0;;0;1;4026531840;0;0;0;0;0;1;1;0;;;;;;;;;;;;System.Byte[];1;0;;;1;1;1;-16777216;4026531840;0;1232;;;;;;;;;;;;;;;;1;1;0;1;;;;
4VRA_ST;;VRATA STAKLENA;;;1;25;34;;;5STAKLO-05;;1;0;5;0;;0;0;0;0;0;;;0;0;0;0;0;;;0;0;0;0;0;;;0;0;0;0;0;;;;;;-1;-1;-1;-1;0;;;0;1;4026531840;0;0;0;0;0;1;0;0;;;;;;;;;;;;System.Byte[];1;0;;;1;1;0;-16777216;4026531840;0;1233;;;;;;;;;;;;;;;;0;0;0;0;;;;
3LADSTRL;;LADICA STRANICA LIJEVA;;;4;;;;;EG_W960ST7_16;;1;0;16;0;4ABS_LADICE;0,8;0;0;0;0;;4ABS_LADICE;0,8;0;0;0;0;;4ABS_LADICE;0,8;0;0;0;0;;4ABS_LADICE;0,8;0;0;0;0;;;;;;0;0;0;0;0;;;0;1;4026531840;0;0;0;0;0;1;1;0;;;;;;;;;;;;System.Byte[];1;0;;;1;1;1;-16777216;4026531840;0;1230;;;;;;;;;;;;;;;;1;1;0;1;;;;
3LADPR_MAS;;LADICA PREDNJI MASIV;;;4;;;;;1MP18;;1;0;18;0;;0;0;0;0;0;;;0;0;0;0;0;;;0;0;0;0;0;;;0;0;0;0;0;;;;;;-1;-1;-1;-1;0;0;;0;1;4026531840;0;0;0;0;0;1;1;0;;;;;;;;;;;;System.Byte[];1;0;;;1;1;1;-16777216;4026531840;0;1261;;;;;;;;;;;;;;;;1;1;0;1;;;;
4VRA_FF;;VRATA FURNIR - kant furnir;;;1;;;;;1IV18;;1;0;18;0;4FRT10;1;0;0;0;0;;4FRT10;1;0;0;0;0;;4FRT10;1;0;0;0;0;;4FRT10;1;0;0;0;0;;2_LICE1;2_NAL1;8LAK-2X;8LAK-2X;0;0;0;0;0;0;;0;1;4026531840;0;0;0;0;0;1;1;0;;;;;;;;;;;;System.Byte[];1;0;;;1;1;1;-16777216;4026531840;0;1234;;;;;;;;;;;;;;;;1;1;0;1;;;;
4VRA_FM;;VRATA FURNIR - kant masiv;;;1;;;;;1IV18;;1;0;18;0;3MAS;10;0;0;1;0;;3MAS;10;0;0;1;0;;3MAS;10;0;0;1;0;;3MAS;10;0;0;1;0;;2_LICE1;2_NAL1;8LAK-2X;8LAK-2X;2;2;2;2;0;0;;0;1;4026531840;0;0;0;0;0;1;1;0;;;;;;;;;;;;System.Byte[];1;0;;;1;1;1;-16777216;4026531840;0;1235;;;;;;;;;;;;;;;;1;1;0;1;;;;
1MS1_XLXX;;MASKA - kant 1;Lijevi;;54;;;;;1IL18;;1;0;18;0;;;0;0;0;0;;4ABS10;1;0;0;0;0;;;;0;0;0;0;;;;0;0;0;0;;;;;;-1;-1;0;0;0;0;;0;1;4026531840;0;0;0;0;0;1;1;0;;;;;;;;;;;;System.Byte[];1;0;;;1;1;1;-16777216;4026531840;0;877;;;;;;;;;;;;;;;;1;1;0;1;;;;
4VRA_MAS;;VRATA MASIV;;;1;;;;;1MP18;;1;0;18;0;;0;0;0;0;0;;;0;0;0;0;0;;;0;0;0;0;0;;;0;0;0;0;0;;;;;;-1;-1;-1;-1;0;0;;0;1;4026531840;0;0;0;0;0;1;1;0;;;;;;;;;;;;System.Byte[];1;0;;;1;1;1;-16777216;4026531840;0;1236;;;;;;;;;;;;;;;;1;1;0;1;;;;
4CEL;;ČELO LADICE;;;1;25;32;;;1IL18F;;1;0;18;0;4ABS10;1;0;0;0;0;;4ABS10;1;0;0;0;0;;4ABS10;1;0;0;0;0;;4ABS10;1;0;0;0;0;;;;;;0;0;0;0;0;0;;0;1;4026531840;0;0;0;0;0;1;1;0;;;;;;;;;;;;System.Byte[];1;0;;;1;1;1;-16777216;4026531840;0;1237;;;;;;;;;;;;;;;;1;1;0;1;;;;
4CEL_FM;;ČELO LADICE FURNIR - kant masiv;;;1;;;;;1IV18;;1;0;18;0;3MAS;10;0;0;1;0;;3MAS;10;0;0;1;0;;3MAS;10;0;0;1;0;;3MAS;10;0;0;1;0;;2_LICE1;2_NAL1;8LAK-2X;8LAK-2X;2;2;2;2;0;0;;0;1;4026531840;0;0;0;0;0;1;1;0;;;;;;;;;;;;System.Byte[];1;0;;;1;1;1;-16777216;4026531840;0;1239;;;;;;;;;;;;;;;;1;1;0;1;;;;
1MS2_DLXX;;MASKA - kant 2;Desni Lijevi;;54;;;;;1IL18;;1;0;18;0;4ABS10;1;0;0;0;0;;4ABS10;1;0;0;0;0;;;0;0;0;0;0;;;0;0;0;0;0;;;;;;0;0;0;0;0;0;;0;1;4026531840;0;0;0;0;0;1;1;0;;;;;;;;;;;;System.Byte[];1;0;;;1;1;1;-16777216;4026531840;0;878;;;;;;;;;;;;;;;;1;1;0;1;;;;
4CEL_FF;;ČELO LADICE FURNIR - kant furnir;;;1;;;;;1IV18;;1;0;18;0;4FRT10;1;0;0;0;0;;4FRT10;1;0;0;0;0;;4FRT10;1;0;0;0;0;;4FRT10;1;0;0;0;0;;2_LICE1;2_NAL1;8LAK-2X;8LAK-2X;0;0;0;0;0;0;;0;1;4026531840;0;0;0;0;0;1;1;0;;;;;;;;;;;;System.Byte[];1;0;;;1;1;1;-16777216;4026531840;0;1238;;;;;;;;;;;;;;;;1;1;0;1;;;;
4CEL_MAS;;ČELO LADICE MASIV;;;1;;;;;1MP18;;1;0;18;0;;0;0;0;0;0;;;0;0;0;0;0;;;0;0;0;0;0;;;0;0;0;0;0;;;;;;-1;-1;-1;-1;0;0;;0;1;4026531840;0;0;0;0;0;1;1;0;;;;;;;;;;;;System.Byte[];1;0;;;1;1;1;-16777216;4026531840;0;1240;;;;;;;;;;;;;;;;1;1;0;1;;;;
7LED_KAPICA_R;;LED ZAVRŠNA KAPICA RAZNA;;;8;56;;;;4LED-KAP_R;;1;0;2;0;;0;0;0;0;0;;;0;0;0;0;0;;;0;0;0;0;0;;;0;0;0;0;0;;;;;;-1;-1;-1;-1;0;0;;0;5;4026531840;0;0;0;0;0;1;0;0;;;;;System.Byte[];;;;;;;System.Byte[];1;0;;;1;1;1;-16777216;4026531840;0;1303;0;0;0;0;;;;;;;;;;;;1;1;0;1;;;;
4CEL_MDF;;ČELO LADICE MDF;;;1;25;;;;1MDF18;;1;0;18;0;;0;0;0;0;0;;;0;0;0;0;0;;;0;0;0;0;0;;;0;0;0;0;0;;;;8LAK-2X;8LAK-2X;-1;-1;-1;-1;0;0;;0;1;4026531840;0;0;0;0;0;1;0;0;;;;;;;;;;;;System.Byte[];1;0;;;1;1;0;-16777216;4026531840;0;1241;;;;;;;;;;;;;;;;0;0;0;0;;;;
1MS4_DLDG;;MASKA - kant 4;Desni Lijevi Donji Gornji;;54;;;;;1IL18;;1;0;18;0;4ABS10;1;0;0;0;0;;4ABS10;1;0;0;0;0;;4ABS10;1;0;0;0;0;;4ABS10;1;0;0;0;0;;;;;;0;0;0;0;0;0;;0;1;4026531840;0;0;0;0;0;1;1;0;;;;;;;;;;;;System.Byte[];1;0;;;1;1;1;-16777216;4026531840;0;604;;;;;;;;;;;;;;;;1;1;0;1;;;;
1POD_;;POD;;;54;;;;;1IL18;;1;0;18;0;;0;0;0;0;0;;;0;0;0;0;0;;;0;0;0;0;0;;;0;0;0;0;0;;;;;;-1;-1;-1;-1;0;0;;0;1;4026531840;0;0;0;0;0;1;1;0;;;;;;;;;;;;System.Byte[];1;0;;;1;1;1;-16777216;4026531840;0;605;;;;;;;;;;;;;;;;1;1;0;1;;;;
1POD1_PXXX;;POD - kant 1;Prednji;;54;;;;;1IL18;;1;0;18;0;4ABS10;1;0;0;0;0;;;0;0;0;0;0;;;0;0;0;0;0;;;0;0;0;0;0;;;;;;0;0;-1;-1;0;0;;0;1;4026531840;0;0;0;0;0;1;1;0;;;;;;;;;;;;System.Byte[];1;0;;;1;1;1;-16777216;4026531840;0;879;;;;;;;;;;;;;;;;1;1;0;1;;;;
4UKL_ST;;UKLADA STAKLENA;;;1;26;28;31;;5STAKLO-05;;1;0;5;0;;0;0;0;0;0;;;0;0;0;0;0;;;0;0;0;0;0;;;0;0;0;0;0;;;;;;-1;-1;-1;-1;0;0;;0;1;4026531840;0;0;0;0;0;1;0;0;;;;;;;;;;;;System.Byte[];1;0;;;1;1;0;-16777216;4026531840;0;1243;;;;;;;;;;;;;;;;0;0;0;0;;;;
5PODNO;;PODNOŽJE OTPRESAK;;;6;58;;;;9OTPR;;1;0;18;0;;0;0;0;0;0;;;0;0;0;0;0;;;0;0;0;0;0;;;0;0;0;0;0;;;;;;-1;-1;-1;-1;0;0;;0;1;4026531840;0;0;0;0;0;1;0;0;;;;;;;;;;;;System.Byte[];1;0;;;1;1;0;-16777216;4026531840;0;1294;;;;;;;;;;;;;;;;1;1;0;1;;;;
7IOD_VODG2_G2L;;IN_OUT DRIVE VODILICA GORNJA DVOSTRUKA;ger Lijevo 2 istostrano;;8;46;;;;AS_SAS510.151;;1;0;;0;;0;0;0;0;0;;;0;0;0;0;0;;;0;0;0;0;0;;;0;0;0;0;0;;;;;;-1;-1;-1;-1;0;0;;0;5;4026531840;0;0;0;0;0;1;0;0;;;;;System.Byte[];;;;;;;System.Byte[];1;0;;;1;1;1;-16777216;4026531840;0;1034;;;;;;;;;;;;;;;;1;1;0;1;;;AluStyle\In-Out Drive gornja vodilice ger L istosmjerno.jpg;
7IOD_VODG2_G2D;;IN_OUT DRIVE VODILICA GORNJA DVOSTRUKA;ger Desno 2 istostrano;;8;46;;;;AS_SAS510.151;;1;0;;0;;0;0;0;0;0;;;0;0;0;0;0;;;0;0;0;0;0;;;0;0;0;0;0;;;;;;-1;-1;-1;-1;0;0;;0;5;4026531840;0;0;0;0;0;1;0;0;;;;;System.Byte[];;;;;;;System.Byte[];1;0;;;1;1;1;-16777216;4026531840;0;1035;;;;;;;;;;;;;;;;1;1;0;1;;;AluStyle\In-Out Drive gornja vodilice ger D istosmjerno.jpg;
9-;;--------------------------------------------------------;;;5;;;;;;;1;0;0;0;;0;0;0;0;0;;;0;0;0;0;0;;;0;0;0;0;0;;;0;0;0;0;0;;;;;;-1;-1;-1;-1;0;0;;0;1;4026531840;0;0;0;0;0;1;1;0;;;;;;;;;;;;System.Byte[];1;0;;;1;1;1;-16777216;4026531840;0;770;;;;;;;;;;;;;;;;1;1;0;1;;;;
9--;;ELEMENTI OKOVA;;;5;;;;;;;1;0;0;0;;0;0;0;0;0;;;0;0;0;0;0;;;0;0;0;0;0;;;0;0;0;0;0;;;;;;-1;-1;-1;-1;0;0;;0;1;4026531840;0;0;0;0;0;1;1;0;;;;;;;;;;;;;1;0;;;1;1;1;-16777216;4026531840;0;771;;;;;;;;;;;;;;;;1;1;0;1;;;;
9---;;--------------------------------------------------------;;;5;;;;;;;1;0;0;0;;0;0;0;0;0;;;0;0;0;0;0;;;0;0;0;0;0;;;0;0;0;0;0;;;;;;-1;-1;-1;-1;0;0;;0;1;4026531840;0;0;0;0;0;1;1;0;;;;;;;;;;;;;1;0;;;1;1;1;-16777216;4026531840;0;772;;;;;;;;;;;;;;;;1;1;0;1;;;;
9VJES_PAL;;PALICA ZA VJEŠANJE;;;5;0;0;0;0;9PALICA;;1;0;30;0;;0;0;0;0;0;;;0;0;0;0;0;;;0;0;0;0;0;;;0;0;0;0;0;;;;;;-1;-1;-1;-1;0;0;;0;4026531840;4026531840;0;0;0;0;0;1;1;0;;;;;;;;;;;;;1;0;;;1;1;1;-16777216;4026531840;0;773;0;0;0;0;;;;;;;;;;;;1;1;0;1;;;;
9VJES_PAL_IZVL;;GARDEROBNI LIFT IZVLAČNI;;;5;;;;;7NUT_LIFT_GAR;;1;0;0;0;;0;0;0;0;0;;;0;0;0;0;0;;;0;0;0;0;0;;;0;0;0;0;0;;;;;;-1;-1;-1;-1;0;0;;0;4026531840;4026531840;0;0;0;0;0;1;0;0;;;;;;;;;;;;;1;0;;;1;1;0;-16777216;4026531840;0;774;;;;;;;;;;;;;;;;1;1;0;0;;;;
9WI06_D;;WINCH 6 OTKLOPNI DESNI;;;5;;;;;7WI06_D;;1;0;20;0;;0;0;0;0;0;;;0;0;0;0;0;;;0;0;0;0;0;;;0;0;0;0;0;;;;;;-1;-1;-1;-1;0;0;;0;4026531840;4026531840;0;0;0;0;0;1;1;0;;;;;;;;;;;;;1;0;;;1;1;1;-16777216;4026531840;0;776;;;;;;;;;;;;;;;;1;1;0;1;;;;
9WI06_L;;WINCH 6 OTKLOPNI LIJEVI;;;5;;;;;7WI06_L;;1;0;20;0;;0;0;0;0;0;;;0;0;0;0;0;;;0;0;0;0;0;;;0;0;0;0;0;;;;;;-1;-1;-1;-1;0;0;;0;4026531840;4026531840;0;0;0;0;0;1;1;0;;;;;;;;;;;;;1;0;;;1;1;1;-16777216;4026531840;0;777;;;;;;;;;;;;;;;;1;1;0;1;;;;
9WI10_D;;WINCH 10 OTKLOPNI DESNI;;;5;;;;;7WI10_D;;1;0;20;0;;0;0;0;0;0;;;0;0;0;0;0;;;0;0;0;0;0;;;0;0;0;0;0;;;;;;-1;-1;-1;-1;0;0;;0;4026531840;4026531840;0;0;0;0;0;1;1;0;;;;;;;;;;;;;1;0;;;1;1;1;-16777216;4026531840;0;778;;;;;;;;;;;;;;;;1;1;0;1;;;;
9WI10_L;;WINCH 10 OTKLOPNI LIJEVI;;;5;;;;;7WI10_L;;1;0;20;0;;0;0;0;0;0;;;0;0;0;0;0;;;0;0;0;0;0;;;0;0;0;0;0;;;;;;-1;-1;-1;-1;0;0;;0;4026531840;4026531840;0;0;0;0;0;1;1;0;;;;;;;;;;;;;1;0;;;1;1;1;-16777216;4026531840;0;779;;;;;;;;;;;;;;;;1;1;0;1;;;;
9WI14_D;;WINCH 14 OTKLOPNI DESNI;;;5;;;;;7WI14_D;;1;0;20;0;;0;0;0;0;0;;;0;0;0;0;0;;;0;0;0;0;0;;;0;0;0;0;0;;;;;;-1;-1;-1;-1;0;0;;0;4026531840;4026531840;0;0;0;0;0;1;1;0;;;;;;;;;;;;;1;0;;;1;1;1;-16777216;4026531840;0;780;;;;;;;;;;;;;;;;1;1;0;1;;;;
9WI14_L;;WINCH 14 OTKLOPNI LIJEVI;;;5;;;;;7WI14_L;;1;0;20;0;;0;0;0;0;0;;;0;0;0;0;0;;;0;0;0;0;0;;;0;0;0;0;0;;;;;;-1;-1;-1;-1;0;0;;0;4026531840;4026531840;0;0;0;0;0;1;1;0;;;;;;;;;;;;;1;0;;;1;1;1;-16777216;4026531840;0;781;;;;;;;;;;;;;;;;1;1;0;1;;;;
9WI16_D;;WINCH 16 OTKLOPNI DESNI;;;5;;;;;7WI16_D;;1;0;20;0;;0;0;0;0;0;;;0;0;0;0;0;;;0;0;0;0;0;;;0;0;0;0;0;;;;;;-1;-1;-1;-1;0;0;;0;4026531840;4026531840;0;0;0;0;0;1;1;0;;;;;;;;;;;;;1;0;;;1;1;1;-16777216;4026531840;0;782;;;;;;;;;;;;;;;;1;1;0;1;;;;
9WI16_L;;WINCH 16 OTKLOPNI LIJEVI;;;5;;;;;7WI16_L;;1;0;20;0;;0;0;0;0;0;;;0;0;0;0;0;;;0;0;0;0;0;;;0;0;0;0;0;;;;;;-1;-1;-1;-1;0;0;;0;4026531840;4026531840;0;0;0;0;0;1;1;0;;;;;;;;;;;;;1;0;;;1;1;1;-16777216;4026531840;0;783;;;;;;;;;;;;;;;;1;1;0;1;;;;
9WI20_D;;WINCH 20 OTKLOPNI DESNI;;;5;;;;;7WI20_D;;1;0;20;0;;0;0;0;0;0;;;0;0;0;0;0;;;0;0;0;0;0;;;0;0;0;0;0;;;;;;-1;-1;-1;-1;0;0;;0;4026531840;4026531840;0;0;0;0;0;1;1;0;;;;;;;;;;;;;1;0;;;1;1;1;-16777216;4026531840;0;784;;;;;;;;;;;;;;;;1;1;0;1;;;;
9WI20_L;;WINCH 20 OTKLOPNI LIJEVI;;;5;;;;;7WI20_L;;1;0;20;0;;0;0;0;0;0;;;0;0;0;0;0;;;0;0;0;0;0;;;0;0;0;0;0;;;;;;-1;-1;-1;-1;0;0;;0;4026531840;4026531840;0;0;0;0;0;1;1;0;;;;;;;;;;;;;1;0;;;1;1;1;-16777216;4026531840;0;785;;;;;;;;;;;;;;;;1;1;0;1;;;;
K-;;--------------------------------------------------------;;;3;;;;;;;1;0;0;0;;0;0;0;0;0;;;0;0;0;0;0;;;0;0;0;0;0;;;0;0;0;0;0;;;;;;-1;-1;-1;-1;0;0;;0;1;4026531840;0;0;0;0;0;1;1;0;;;;;;;;;;;;;1;0;;;1;1;1;-16777216;4026531840;0;786;;;;;;;;;;;;;;;;1;1;0;1;;;;
K--;;KREVETI;;;3;;;;;;;1;0;0;0;;0;0;0;0;0;;;0;0;0;0;0;;;0;0;0;0;0;;;0;0;0;0;0;;;;;;-1;-1;-1;-1;0;0;;0;1;4026531840;0;0;0;0;0;1;1;0;;;;;;;;;;;;;1;0;;;1;1;1;-16777216;4026531840;0;787;;;;;;;;;;;;;;;;1;1;0;1;;;;
K---;;--------------------------------------------------------;;;3;;;;;;;1;0;0;0;;0;0;0;0;0;;;0;0;0;0;0;;;0;0;0;0;0;;;0;0;0;0;0;;;;;;-1;-1;-1;-1;0;0;;0;1;4026531840;0;0;0;0;0;1;1;0;;;;;;;;;;;;;1;0;;;1;1;1;-16777216;4026531840;0;788;;;;;;;;;;;;;;;;1;1;0;1;;;;
K_DON4_DLDG;;DONOŽJE KREVETA - kant 4;Desno Lijevo Dolje Gore;;3;;;;;1IL38;;1;0;38;0;4ABS10;1;0;0;0;0;;4ABS10;1;0;0;0;0;;4ABS10;1;0;0;0;0;;4ABS10;1;0;0;0;0;;;;;;0;0;0;0;0;0;;0;1;4026531840;0;0;0;0;0;1;1;0;;;;;;;;;;;;;1;0;;;1;1;1;-16777216;4026531840;0;789;;;;;;;;;;;;;;;;1;1;0;1;;;;
K_NOGA_M;;NOGA KREVETA OD MASIVA;;;3;;;;;3MAS40;;1;0;40;0;;0;0;0;0;0;;;0;0;0;0;0;;;0;0;0;0;0;;;0;0;0;0;0;;;;;;-1;-1;-1;-1;0;0;;0;5;4026531840;0;0;0;0;0;1;0;0;;;;;;;;;;;;System.Byte[];1;0;;;1;1;1;-16777216;4026531840;0;790;;;;;;;;;;;;;;;;1;1;0;1;;;;
K_PRECKA_M;;PREČKA KREVETA OD MASIVA;;;3;;;;;3MAS18;;1;0;18;0;;0;0;0;0;0;;;0;0;0;0;0;;;0;0;0;0;0;;;0;0;0;0;0;;;;;;-1;-1;-1;-1;0;0;;0;5;4026531840;0;0;0;0;0;1;0;0;;;;;;;;;;;;System.Byte[];1;0;;;1;1;1;-16777216;4026531840;0;791;;;;;;;;;;;;;;;;1;1;0;1;;;;
K_STR4_DGLD;;STRANICA KREVETA - kant 4;Dolje Gore Lijevo Desno;;3;;;;;1IL38;;1;0;19;0;4ABS10;1;0;0;0;0;;4ABS10;1;0;0;0;0;;4ABS10;1;0;0;0;0;;4ABS10;1;0;0;0;0;;;;;;0;0;0;0;0;0;;0;1;4026531840;0;0;0;0;0;1;1;0;;;;;;;;;;;;;1;0;;;1;1;1;-16777216;4026531840;0;793;;;;;;;;;;;;;;;;1;1;0;1;;;;
K_UKLADA_M;;UKLADA KREVETA OD MASIVA;;;3;;;;;3MAS18;;1;0;18;0;;0;0;0;0;0;;;0;0;0;0;0;;;0;0;0;0;0;;;0;0;0;0;0;;;;;;-1;-1;-1;-1;0;0;;0;5;4026531840;0;0;0;0;0;1;0;0;;;;;;;;;;;;System.Byte[];1;0;;;1;1;1;-16777216;4026531840;0;794;;;;;;;;;;;;;;;;1;1;0;1;;;;
K_UZG4_DLDG;;UZGLAVLJE KREVETA - kant 4;Desno Lijevo Dolje Gore;;3;;;;;1IL38;;1;0;19;0;4ABS10;1;0;0;0;0;;4ABS10;1;0;0;0;0;;4ABS10;1;0;0;0;0;;4ABS10;1;0;0;0;0;;;;;;0;0;0;0;0;0;;0;1;4026531840;0;0;0;0;0;1;1;0;;;;;;;;;;;;;1;0;;;1;1;1;-16777216;4026531840;0;795;;;;;;;;;;;;;;;;1;1;0;1;;;;
T-;;--------------------------------------------------------;;;10;;;;;;;1;0;0;0;;0;0;0;0;0;;;0;0;0;0;0;;;0;0;0;0;0;;;0;0;0;0;0;;;;;;-1;-1;-1;-1;0;0;;0;1;4026531840;0;0;0;0;0;1;1;0;;;;;;;;;;;;;1;0;;;1;1;1;-16777216;4026531840;0;796;;;;;;;;;;;;;;;;1;1;0;1;;;;
T--;;TRGOVAČKA ROBA;;;10;;;;;;;1;0;0;0;;0;0;0;0;0;;;0;0;0;0;0;;;0;0;0;0;0;;;0;0;0;0;0;;;;;;-1;-1;-1;-1;0;0;;0;1;4026531840;0;0;0;0;0;1;1;0;;;;;;;;;;;;;1;0;;;1;1;1;-16777216;4026531840;0;797;;;;;;;;;;;;;;;;1;1;0;1;;;;
T---;;--------------------------------------------------------;;;10;;;;;;;1;0;0;0;;0;0;0;0;0;;;0;0;0;0;0;;;0;0;0;0;0;;;0;0;0;0;0;;;;;;-1;-1;-1;-1;0;0;;0;1;4026531840;0;0;0;0;0;1;1;0;;;;;;;;;;;;;1;0;;;1;1;1;-16777216;4026531840;0;798;;;;;;;;;;;;;;;;1;1;0;1;;;;
7VODKLIZ;;Vodilica kliznih vrata;;;8;;;;;;;1;0;0;0;;0;0;0;0;0;;;0;0;0;0;0;;;0;0;0;0;0;;;0;0;0;0;0;;;;;;-1;-1;-1;-1;0;0;;0;4026531840;4026531840;0;0;0;0;0;1;0;0;;;;;;;;;;;;System.Byte[];0;0;;;0;0;0;-16777216;4026531840;0;1117;0;0;0;0;;;;;;;;;;;;1;1;0;1;;;;
Z-;;--------------------------------------------------------;;;12;;;;;;;1;0;0;0;;0;0;0;0;0;;;0;0;0;0;0;;;0;0;0;0;0;;;0;0;0;0;0;;;;;;-1;-1;-1;-1;0;0;;0;1;4026531840;0;0;0;0;0;1;1;0;;;;;;;;;;;;;1;0;;;1;1;1;-16777216;4026531840;0;809;;;;;;;;;;;;;;;;1;1;0;1;;;;
Z--;;FIKTIVNI ELEMENTI - NE ISPISIVATI;;;12;;;;;;;1;0;0;0;;0;0;0;0;0;;;0;0;0;0;0;;;0;0;0;0;0;;;0;0;0;0;0;;;;;;-1;-1;-1;-1;0;0;;0;1;4026531840;0;0;0;0;0;1;1;0;;;;;;;;;;;;;1;0;;;1;1;1;-16777216;4026531840;0;810;;;;;;;;;;;;;;;;1;1;0;1;;;;
Z---;;--------------------------------------------------------;;;12;;;;;;;1;0;0;0;;0;0;0;0;0;;;0;0;0;0;0;;;0;0;0;0;0;;;0;0;0;0;0;;;;;;-1;-1;-1;-1;0;0;;0;1;4026531840;0;0;0;0;0;1;1;0;;;;;;;;;;;;;1;0;;;1;1;1;-16777216;4026531840;0;811;;;;;;;;;;;;;;;;1;1;0;1;;;;
8VR_OSD_H;;OPŠAV STRAŽNJI DOVRATNIKA HORIZONTALNI;;;9;38;43;61;;3MAS25;;1;0;25;0;;0;0;0;0;0;;;0;0;0;0;0;;;0;0;0;0;0;;;0;0;0;0;0;;;;;;-1;-1;-1;-1;0;0;;0;5;4026531840;0;0;0;0;0;1;0;0;;;;;;;Zamijeni širinu i debljinu;;;;;System.Byte[];1;0;;;1;1;1;-16777216;4026531840;0;1118;;;;;Profili\Vrata\Opsava straznja.MAC;;;;;;;;;;;1;1;0;1;;;;
8VR_OSD_V;;OPŠAV STRAŽNJI DOVRATNIKA VERTIKALNI;;;9;38;43;61;;3MAS25;;1;0;25;0;;0;0;0;0;0;;;0;0;0;0;0;;;0;0;0;0;0;;;0;0;0;0;0;;;;;;-1;-1;-1;-1;0;0;;0;5;4026531840;0;0;0;0;0;1;0;0;;;;;;;Zamijeni širinu i debljinu;;;;;System.Byte[];1;0;;;1;1;1;-16777216;4026531840;0;1119;;;;;Profili\Vrata\Opsava straznja.MAC;;;;;;;;;;;1;1;0;1;;;;
8VR_OPD_H;;OPŠAV PREDNJI DOVRATNIKA HORIZONTALNI;;;9;38;43;61;;3MAS30;;1;0;30;0;;0;0;0;0;0;;;0;0;0;0;0;;;0;0;0;0;0;;;0;0;0;0;0;;;;;;-1;-1;-1;-1;0;0;;0;5;4026531840;0;0;0;0;0;1;0;0;;;;;;;Zamijeni širinu i debljinu;;;;;System.Byte[];1;0;;;1;1;1;-16777216;4026531840;0;1120;;;;;Profili\Vrata\Opsava prednja.MAC;;;;;;;;;;;1;1;0;1;;;;
8VR_OPD_V;;OPŠAV PREDNJI DOVRATNIKA VERTIKALNI;;;9;38;43;61;;3MAS30;;1;0;30;0;;0;0;0;0;0;;;0;0;0;0;0;;;0;0;0;0;0;;;0;0;0;0;0;;;;;;-1;-1;-1;-1;0;0;;0;5;4026531840;0;0;0;0;0;1;0;0;;;;;;;Zamijeni širinu i debljinu;;;;;System.Byte[];1;0;;;1;1;1;-16777216;4026531840;0;1121;;;;;Profili\Vrata\Opsava prednja.MAC;;;;;;;;;;;1;1;0;1;;;;
4OUZD_AL_S1;;UZDUŽNICA OKVIRA AL-S1;;;1;26;28;30;;4ALOKV_S1;;1;0;20,6;0;;0;0;0;0;0;;;0;0;0;0;0;;;0;0;0;0;0;;;0;0;0;0;0;;;;;;-1;-1;-1;-1;0;0;;0;1;4026531840;0;0;0;0;0;1;0;0;;;;;;;;;;;;System.Byte[];1;0;;;1;1;0;-16777216;4026531840;0;943;;;;;;;;;;;;;;;;0;0;0;0;;;;
2PREGH_;;PREGRADA HORIZONTALNA;;;54;;;;;1IL18;;1;0;18;0;;;0;0;0;0;;;0;0;0;0;0;;;0;0;0;0;0;;;0;0;0;0;0;;;;;;-1;-1;-1;-1;0;0;;0;1;4026531840;0;0;0;0;0;1;1;0;;;;;;;;;;;;System.Byte[];1;0;;;1;1;1;-16777216;4026531840;0;833;;;;;;;;;;;;;;;;1;1;0;1;;;;
8VR_DOVD_V;;DOVRATNIK DODATNI VERTIKALNI;;;9;38;43;61;;3MAS30;;1;0;30;0;;0;0;0;0;0;;;0;0;0;0;0;;;0;0;0;0;0;;;0;0;0;0;0;;;;;;-1;-1;-1;-1;0;0;;0;5;4026531840;20;0;7;0;7;1;0;0;;;;;;;Zamijeni širinu i debljinu;;;;;System.Byte[];1;0;;;1;1;1;-16777216;4026531840;0;1123;;;;;Profili\Vrata\Dovratnik dodatak.MAC;;;;;;;;;;;1;1;0;1;;;;
4OUZD_AL_S3;;UZDUŽNICA OKVIRA AL-S3;;;1;26;28;30;;4ALOKV_S3;;1;0;20,6;0;;0;0;0;0;0;;;0;0;0;0;0;;;0;0;0;0;0;;;0;0;0;0;0;;;;;;-1;-1;-1;-1;0;0;;0;1;4026531840;0;0;0;0;0;1;0;0;;;;;;;;;;;;System.Byte[];1;0;;;1;1;0;-16777216;4026531840;0;944;;;;;;;;;;;;;;;;0;0;0;0;;;;
8VR_DOVD_H;;DOVRATNIK DODATNI HORIZONTALNI;;;9;38;43;61;;3MAS30;;1;0;30;0;;0;0;0;0;0;;;0;0;0;0;0;;;0;0;0;0;0;;;0;0;0;0;0;;;;;;-1;-1;-1;-1;0;0;;0;5;4026531840;20;0;7;0;7;1;0;0;;;;;;;Zamijeni širinu i debljinu;;;;;System.Byte[];1;0;;;1;1;1;-16777216;4026531840;0;1122;;;;;Profili\Vrata\Dovratnik dodatak.MAC;;;;;;;;;;;1;1;0;1;;;;
5PODND_FF;;PODNOŽJE DESNO FURNIR - kant furnir;;;6;58;;;;1IV18;;1;0;18;0;4FRT10;1;0;0;0;0;;4FRT10;1;0;0;0;0;;4FRT10;1;0;0;0;0;;4FRT10;1;0;0;0;0;;2_LICE1;2_NAL1;8LAK-2X;8LAK-2X;0;0;0;0;0;0;;0;1;4026531840;0;0;0;0;0;1;1;0;;;;;;;;;;;;System.Byte[];1;0;;;1;1;1;-16777216;4026531840;0;1245;;;;;;;;;;;;;;;;1;1;0;1;;;;
4OUZD_AL_S6;;UZDUŽNICA OKVIRA AL-S6;;;1;26;28;30;;4ALOKV_S6;;1;0;20,6;0;;0;0;0;0;0;;;0;0;0;0;0;;;0;0;0;0;0;;;0;0;0;0;0;;;;;;-1;-1;-1;-1;0;0;;0;1;4026531840;0;0;0;0;0;1;0;0;;;;;;;;;;;;System.Byte[];1;0;;;1;1;0;-16777216;4026531840;0;945;;;;;;;;;;;;;;;;0;0;0;0;;;;
2PREG_;;PREGRADA;;;54;;;;;1IL18;;1;0;18;0;;;0;0;0;0;;;0;0;0;0;0;;;0;0;0;0;0;;;0;0;0;0;0;;;;;;-1;-1;-1;-1;0;0;;0;1;4026531840;0;0;0;0;0;1;1;0;;;;;;;;;;;;System.Byte[];1;0;;;1;1;1;-16777216;4026531840;0;838;;;;;;;;;;;;;;;;1;1;0;1;;;;
1VEZPP;;VEZ POPREČNI PREDNJI;;;2;24;;;;1IL18;;1;0;18;0;4ABS10;1;0;0;0;0;;4ABS10;1;0;0;0;0;;4ABS10;1;0;0;0;0;;4ABS10;1;0;0;0;0;;;;;;0;0;0;0;0;;;0;1;4026531840;0;0;0;0;0;1;1;0;;;;;;;;;;;;System.Byte[];1;0;;;1;1;1;-16777216;4026531840;0;1301;;;;;;;;;;;;;;;;1;1;0;1;;;;
8VR_UOD;;UKRAS OPŠAVE DOVRATNIKA;;;9;38;43;61;;4LET_UOD;;1;0;15;0;;0;0;0;0;0;;;0;0;0;0;0;;;0;0;0;0;0;;;0;0;0;0;0;;;;;;-1;-1;-1;-1;0;0;;0;5;4026531840;0;0;0;0;0;1;0;0;;;;;;;Zamijeni širinu i debljinu;;;;;System.Byte[];1;0;;;1;1;1;-16777216;4026531840;0;1124;;;;;Profili\Vrata\Opsava prednja.MAC;;;;;;;;;;;1;1;0;1;;;;
4OUZD_MDF;;UZDUŽNICA OKVIRA MDF;;;1;26;27;;;1MDF18;;1;0;18;0;;0;0;0;0;0;;;0;0;0;0;0;;;0;0;0;0;0;;;0;0;0;0;0;;;;8LAK-2X;8LAK-2X;-1;-1;-1;-1;0;0;;0;1;4026531840;0;0;0;0;0;1;0;0;;;;;;;;;;;;System.Byte[];1;0;;;1;1;0;-16777216;4026531840;0;946;;;;;;;;;;;;;;;;0;0;0;0;;;;
5PODND_FM;;PODNOŽJE DESNO FURNIR - kant masiv;;;6;58;;;;1IV18;;1;0;18;0;3MAS;10;0;0;1;0;;3MAS;10;0;0;1;0;;3MAS;10;0;0;1;0;;3MAS;10;0;0;1;0;;2_LICE1;2_NAL1;8LAK-2X;8LAK-2X;2;2;2;2;0;0;;0;1;4026531840;0;0;0;0;0;1;1;0;;;;;;;;;;;;System.Byte[];1;0;;;1;1;1;-16777216;4026531840;0;1246;;;;;;;;;;;;;;;;1;1;0;1;;;;
5PODND_MAS;;PODNOŽJE DESNO MASIV;;;6;59;;;;1MP18;;1;0;18;0;;0;0;0;0;0;;;0;0;0;0;0;;;0;0;0;0;0;;;0;0;0;0;0;;;;;;-1;-1;-1;-1;0;0;;0;1;4026531840;0;0;0;0;0;1;1;0;;;;;;;;;;;;System.Byte[];1;0;;;1;1;1;-16777216;4026531840;0;1247;;;;;;;;;;;;;;;;1;1;0;1;;;;
4UKL_STAK;;UKLADA STAKLENA;;;54;;;;;5STAKLO-05;;1;0;5;0;;0;0;0;0;0;;;0;0;0;0;0;;;0;0;0;0;0;;;0;0;0;0;0;;;;;;-1;-1;-1;-1;0;0;;0;1;4026531840;0;0;0;0;0;1;0;0;;;;;;;;;;;;System.Byte[];1;0;;;1;1;0;-16777216;4026531840;0;947;;;;;;;;;;;;;;;;0;0;0;0;;;;
5PODND_MDF;;PODNOŽJE DESNO MDF;;;6;60;;;;1MDF18;;1;0;18;0;;0;0;0;0;0;;;0;0;0;0;0;;;0;0;0;0;0;;;0;0;0;0;0;;;;8LAK-2X;8LAK-2X;-1;-1;-1;-1;0;0;;0;1;4026531840;0;0;0;0;0;1;0;0;;;;;;;;;;;;System.Byte[];1;0;;;1;1;0;-16777216;4026531840;0;1248;;;;;;;;;;;;;;;;0;0;0;0;;;;
4OFRI_M;;FRIZ MASIV;;;1;26;29;30;;3MAS26;;1;0;26;0;;0;0;0;0;0;;;0;0;0;0;0;;;0;0;0;0;0;;;0;0;0;0;0;;;;;;-1;-1;-1;-1;0;0;;0;5;4026531840;0;0;0;0;0;1;0;0;;;;;;;;;;;;System.Byte[];1;0;;;1;1;0;-16777216;4026531840;0;843;;;;;Profili\Friz vrata utor-pero.MAC;;;;;;;;;;;0;0;0;0;;;;
3LADPOD08_;;LADICA POD 8 MM;;;54;;;;;1IL08;;1;0;8;0;;0;0;0;0;0;;;0;0;0;0;0;;;0;0;0;0;0;;;0;0;0;0;0;;;;;;-1;-1;-1;-1;0;0;;0;1;4026531840;0;0;0;0;0;1;1;0;;;;;;;;;;;;System.Byte[];1;0;;;1;1;1;-16777216;4026531840;0;864;;;;;;;;;;;;;;;;1;1;0;1;;;;
9KREV_KUT115;;KUTNIK KREVETA 115x115x133;;;5;;;;;7NOG_KUT115;;1;0;;0;;0;0;0;0;0;;;0;0;0;0;0;;;0;0;0;0;0;;;0;0;0;0;0;;;;;;-1;-1;-1;-1;0;0;;0;4026531840;4026531840;0;0;0;0;0;1;1;0;;;;;System.Byte[];;;;;;;System.Byte[];1;0;;;1;1;1;-16777216;4026531840;0;844;;;;;;;;;;;;;;;;1;1;0;1;;;Kutnik_kreveta_115x115x133.jpg;
1ST2_PXXD;;STROP - kant 2;Prednji Desni;;54;;;;;1IL18;;1;0;19;0;4ABS10;1;0;0;0;0;;;0;0;0;0;0;;;0;0;0;0;0;;4ABS10;1;0;0;0;0;;;;;;0;0;1;-1;0;0;;0;1;4026531840;0;0;0;0;0;1;1;0;;;;;;;;;;;;System.Byte[];1;0;;;1;1;1;-16777216;4026531840;0;885;;;;;;;;;;;;;;;;1;1;0;1;;;;
1POD2_PXXD;;POD - kant 2;Prednji Desni;;54;;;;;1IL18;;1;0;18;0;4ABS10;1;0;0;0;0;;;0;0;0;0;0;;;0;0;0;0;0;;4ABS10;1;0;0;0;0;;;;;;0;0;1;-1;0;0;;0;1;4026531840;0;0;0;0;0;1;1;0;;;;;;;;;;;;System.Byte[];1;0;;;1;1;1;-16777216;4026531840;0;880;;;;;;;;;;;;;;;;1;1;0;1;;;;
1STRFF2_PSXX;;STRANICA FURNIR - kant furnir 2;Prednji Stražnji;;54;;;;;1IV18;;1;0;18;0;4FRT10;1;0;0;0;0;;4FRT10;1;0;0;0;0;;;0;0;0;0;0;;;0;0;0;0;0;;2_LICE1;2_NAL1;8LAK-2X;8LAK-2X;0;0;0;0;0;0;;0;1;4026531840;0;0;0;0;0;1;1;0;;;;;;;;;;;;System.Byte[];1;0;;;1;1;1;-16777216;4026531840;0;897;;;;;;;;;;;;;;;;1;1;0;1;;;;
1ST1_PXXX;;STROP - kant 1;Prednji;;54;;;;;1IL18;;1;0;18;0;4ABS10;1;0;0;0;0;;;0;0;0;0;0;;;0;0;0;0;0;;;0;0;0;0;0;;;;;;0;0;-1;-1;0;0;;0;1;4026531840;0;0;0;0;0;1;1;0;;;;;;;;;;;;System.Byte[];1;0;;;1;1;1;-16777216;4026531840;0;884;;;;;;;;;;;;;;;;1;1;0;1;;;;
1ST2_PXLX;;STROP - kant 2;Prednji Lijevi;;2;;;;;1IL18;;1;0;19;0;4ABS10;1;0;0;0;0;;;0;0;0;0;0;;4ABS10;1;0;0;0;0;;;0;0;0;0;0;;;;;;0;0;-1;1;0;0;;0;1;4026531840;0;0;0;0;0;1;1;0;;;;;;;;;;;;System.Byte[];1;0;;;1;1;1;-16777216;4026531840;0;886;;;;;;;;;;;;;;;;1;1;0;1;;;;
1POD2_PXLX;;POD - kant 2;Prednji Lijevi;;54;;;;;1IL18;;1;0;18;0;4ABS10;1;0;0;0;0;;;0;0;0;0;0;;4ABS10;1;0;0;0;0;;;0;0;0;0;0;;;;;;0;0;-1;1;0;0;;0;1;4026531840;0;0;0;0;0;1;1;0;;;;;;;;;;;;System.Byte[];1;0;;;1;1;1;-16777216;4026531840;0;881;;;;;;;;;;;;;;;;1;1;0;1;;;;
7LED_TRAKA;;LED TRAKA;;;8;56;;;;SO_LM3014_WN120_WW_24V;;1;0;3;0;;0;0;0;0;0;;;0;0;0;0;0;;;0;0;0;0;0;;;0;0;0;0;0;;;;;;-1;-1;-1;-1;0;0;;0;5;4026531840;0;0;0;0;0;1;0;0;;;;;System.Byte[];;;;;;;System.Byte[];1;0;;;1;1;1;-16777216;4026531840;0;1125;;;;;;;;;;;;;;;;1;1;0;1;;;;
5PODN4_DGLD;;PODNOŽJE NAPRIJED - kant 4;Donji Gornji Lijevi Desni;;54;;;;;1IL18;;1;0;18;0;4ABS10;1;0;0;0;0;;4ABS10;1;0;0;0;0;;4ABS10;1;0;0;0;0;;4ABS10;1;0;0;0;0;;;;;;0;0;0;0;0;0;;0;1;4026531840;0;0;0;0;0;1;1;0;;;;;;;;;;;;System.Byte[];1;0;;;1;1;1;-16777216;4026531840;0;1126;;;;;;;;;;;;;;;;1;1;0;1;;;;
1ST2_PSXX;;STROP - kant 2;Prednji Stražnji;;54;;;;;1IL18;;1;0;18;0;4ABS10;1;0;0;0;0;;4ABS10;1;0;0;0;0;;;0;0;0;0;0;;;0;0;0;0;0;;;;;;0;0;0;0;0;0;;0;1;4026531840;0;0;0;0;0;1;1;0;;;;;;;;;;;;System.Byte[];1;0;;;1;1;1;-16777216;4026531840;0;887;;;;;;;;;;;;;;;;1;1;0;1;;;;
1POD3_PXLD;;POD - kant 3;Prednji Lijevi Desni;;54;;;;;1IL18;;1;0;18;0;4ABS10;1;0;0;0;0;;;0;0;0;0;0;;4ABS10;1;0;0;0;0;;4ABS10;1;0;0;0;0;;;;;;0;0;1;1;0;0;;0;1;4026531840;0;0;0;0;0;1;1;0;;;;;;;;;;;;System.Byte[];1;0;;;1;1;1;-16777216;4026531840;0;882;;;;;;;;;;;;;;;;1;1;0;1;;;;
4MAS;;MASKA;;;1;25;32;;;1IL18F;;1;0;18;0;4ABS10;1;0;0;0;0;;4ABS10;1;0;0;0;0;;4ABS10;1;0;0;0;0;;4ABS10;1;0;0;0;0;;;;;;0;0;0;0;0;0;;0;1;4026531840;0;0;0;0;0;1;1;0;;;;;;;;;;;;System.Byte[];1;0;;;1;1;1;-16777216;4026531840;0;1295;;;;;;;;;;;;;;;;1;1;0;1;;;;
1POD2_PSXX;;POD - kant 2;Prednji Stražnji;;54;;;;;1IL18;;1;0;18;0;4ABS10;1;0;0;0;0;;4ABS10;1;0;0;0;0;;;0;0;0;0;0;;;0;0;0;0;0;;;;;;0;0;0;0;0;0;;0;1;4026531840;0;0;0;0;0;1;1;0;;;;;;;;;;;;System.Byte[];1;0;;;1;1;1;-16777216;4026531840;0;883;;;;;;;;;;;;;;;;1;1;0;1;;;;
1ST3_PXLD;;STROP - kant 3;Prednji Lijevi Desni;;54;;;;;1IL18;;1;0;19;0;4ABS10;1;0;0;0;0;;;0;0;0;0;0;;4ABS10;1;0;0;0;0;;4ABS10;1;0;0;0;0;;;;;;0;0;1;1;0;0;;0;1;4026531840;0;0;0;0;0;1;1;0;;;;;;;;;;;;System.Byte[];1;0;;;1;1;1;-16777216;4026531840;0;888;;;;;;;;;;;;;;;;1;1;0;1;;;;
1ST3_PSLX;;STROP - kant 3;Prednji Stražnji Lijevi;;54;;;;;1IL18;;1;0;19;0;4ABS10;1;0;0;0;0;;4ABS10;1;0;0;0;0;;4ABS10;1;0;0;0;0;;;0;0;0;0;0;;;;;;0;0;0;0;0;0;;0;1;4026531840;0;0;0;0;0;1;1;0;;;;;;;;;;;;System.Byte[];1;0;;;1;1;1;-16777216;4026531840;0;889;;;;;;;;;;;;;;;;1;1;0;1;;;;
4VRA_MDF;;VRATA MDF;;;1;25;;;;1MDF18;;1;0;18;0;;0;0;0;0;0;;;0;0;0;0;0;;;0;0;0;0;0;;;0;0;0;0;0;;;;8LAK-2X;8LAK-2X;-1;-1;-1;-1;0;;;0;1;4026531840;0;0;0;0;0;1;1;0;;;;;;;;;;;;System.Byte[];1;0;;;1;1;0;-16777216;4026531840;0;948;;;;;;;;;;;;;;;;1;0;0;0;;;;
4VRA_STAK;;VRATA STAKLENA;;;54;;;;;5STAKLO-05;;1;0;5;0;;0;0;0;0;0;;;0;0;0;0;0;;;0;0;0;0;0;;;0;0;0;0;0;;;;;;-1;-1;-1;-1;0;0;;0;1;4026531840;0;0;0;0;0;1;0;0;;;;;;;;;;;;System.Byte[];1;0;;;1;1;0;-16777216;4026531840;0;949;;;;;;;;;;;;;;;;0;0;0;0;;;;
5PODB1_DXXX;;PODNOŽJE BOČNO - kant 1;Donji;;54;;;;;1IL18;;1;0;18;0;4ABS10;1;0;0;0;0;;;0;0;0;0;0;;;0;0;0;0;0;;;0;0;0;0;0;;;;;;0;0;-1;-1;0;;;0;1;4026531840;0;0;0;0;0;1;1;0;;;;;;;;;;;;System.Byte[];1;0;;;1;1;1;-16777216;4026531840;0;950;;;;;;;;;;;;;;;;1;1;0;1;;;;
5PODB2_DXXD;;PODNOŽJE BOČNO - kant 2;Donji Desni;;54;;;;;1IL18;;1;0;18;0;4ABS10;1;0;0;0;0;;;0;0;0;0;0;;;0;0;0;0;0;;4ABS10;1;0;0;0;0;;;;;;0;0;1;-1;0;0;;0;1;4026531840;0;0;0;0;0;1;1;0;;;;;;;;;;;;;1;0;;;1;1;1;-16777216;4026531840;0;951;;;;;;;;;;;;;;;;1;1;0;1;;;;
5PODB2_DXLX;;PODNOŽJE BOČNO - kant 2;Donji Lijevi;;54;;;;;1IL18;;1;0;18;0;4ABS10;1;0;0;0;0;;;0;0;0;0;0;;4ABS10;1;0;0;0;0;;;0;0;0;0;0;;;;;;0;0;-1;1;0;0;;0;1;4026531840;0;0;0;0;0;1;1;0;;;;;;;;;;;;System.Byte[];1;0;;;1;1;1;-16777216;4026531840;0;952;;;;;;;;;;;;;;;;1;1;0;1;;;;
5PODB3_DXLD;;PODNOŽJE BOČNO - kant 3;Donji Lijevi Desni;;54;;;;;1IL18;;1;0;18;0;4ABS10;1;0;0;0;0;;;0;0;0;0;0;;4ABS10;1;0;0;0;0;;4ABS10;1;0;0;0;0;;;;;;0;0;1;1;0;0;;0;1;4026531840;0;0;0;0;0;1;1;0;;;;;;;;;;;;;1;0;;;1;1;1;-16777216;4026531840;0;953;;;;;;;;;;;;;;;;1;1;0;1;;;;
5PODN1_DXXX;;PODNOŽJE NAPRIJED - kant 1;Donji;;54;;;;;1IL18;;1;0;18;0;4ABS10;1;0;0;0;0;;;0;0;0;0;0;;;0;0;0;0;0;;;0;0;0;0;0;;;;;;0;0;-1;-1;0;0;;0;1;4026531840;0;0;0;0;0;1;1;0;;;;;;;;;;;;System.Byte[];1;0;;;1;1;1;-16777216;4026531840;0;954;;;;;;;;;;;;;;;;1;1;0;1;;;;
5PODN2_DXXD;;PODNOŽJE NAPRIJED - kant 2;Donji Desni;;54;;;;;1IL18;;1;0;18;0;4ABS10;1;0;0;0;0;;;0;0;0;0;0;;;0;0;0;0;0;;4ABS10;1;0;0;0;0;;;;;;0;0;1;-1;0;0;;0;1;4026531840;0;0;0;0;0;1;1;0;;;;;;;;;;;;System.Byte[];1;0;;;1;1;1;-16777216;4026531840;0;955;;;;;;;;;;;;;;;;1;1;0;1;;;;
5PODN2_DXLX;;PODNOŽJE NAPRIJED - kant 2;Donji Lijevi;;54;;;;;1IL18;;1;0;18;0;4ABS10;1;0;0;0;0;;;0;0;0;0;0;;4ABS10;1;0;0;0;0;;;0;0;0;0;0;;;;;;0;0;-1;1;0;0;;0;1;4026531840;0;0;0;0;0;1;1;0;;;;;;;;;;;;System.Byte[];1;0;;;1;1;1;-16777216;4026531840;0;956;;;;;;;;;;;;;;;;1;1;0;1;;;;
5PODN3_DXLD;;PODNOŽJE NAPRIJED - kant 3;Donji Lijevi Desni;;54;;;;;1IL18;;1;0;18;0;4ABS10;1;0;0;0;0;;;0;0;0;0;0;;4ABS10;1;0;0;0;0;;4ABS10;1;0;0;0;0;;;;;;0;0;1;1;0;0;;0;1;4026531840;0;0;0;0;0;1;1;0;;;;;;;;;;;;System.Byte[];1;0;;;1;1;1;-16777216;4026531840;0;957;;;;;;;;;;;;;;;;1;1;0;1;;;;
5PODS1_DXXX;;PODNOŽJE SREDNJE - kant 1;Donji;;54;;;;;1IL18;;1;0;18;0;4ABS10;1;0;0;0;0;;;0;0;0;0;0;;;0;0;0;0;0;;;0;0;0;0;0;;;;;;0;0;-1;-1;0;0;;0;1;4026531840;0;0;0;0;0;1;1;0;;;;;;;;;;;;System.Byte[];1;0;;;1;1;1;-16777216;4026531840;0;958;;;;;;;;;;;;;;;;1;1;0;1;;;;
5PODZ1_DXXX;;PODNOŽJE STRAGA - kant 1;Donji;;54;;;;;1IL18;;1;0;18;0;4ABS10;1;0;0;0;0;;;0;0;0;0;0;;;0;0;0;0;0;;;0;0;0;0;0;;;;;;0;0;-1;-1;0;0;;0;1;4026531840;0;0;0;0;0;1;1;0;;;;;;;;;;;;System.Byte[];1;0;;;1;1;1;-16777216;4026531840;0;959;;;;;;;;;;;;;;;;1;1;0;1;;;;
5PODZ3_DXLD;;PODNOŽJE STRAGA - kant 3;Donji Lijevi Desni;;54;;;;;1IL18;;1;0;18;0;4ABS10;1;0;0;0;0;;;0;0;0;0;0;;4ABS10;1;0;0;0;0;;4ABS10;1;0;0;0;0;;;;;;0;0;1;1;0;0;;0;1;4026531840;0;0;0;0;0;1;1;0;;;;;;;;;;;;System.Byte[];1;0;;;1;1;1;-16777216;4026531840;0;960;;;;;;;;;;;;;;;;1;1;0;1;;;;
6RPLO_SL;;SPOJNA LETVA ZA RADNU PLOČU;;;7;;;;;4SPOJ_LET;;1;0;40;0;;0;0;0;0;0;;;0;0;0;0;0;;;0;0;0;0;0;;;0;0;0;0;0;;;;;;-1;-1;-1;-1;0;0;;0;0;4026531840;0;0;0;0;0;1;1;0;;;;;;;;;;;;System.Byte[];1;0;;;1;1;1;-16777216;4026531840;0;961;;;;;;;;;;;;;;;;1;1;0;1;;;;
6RPLO3_XSLD;;RADNA PLOČA - DUŽNA - kant 3;Stražnji Lijevi Desni;;54;;;;;1RP38_0000;;1;0;38;0;;0;0;0;0;0;;4ABS10;1;0;0;0;0;;4ABS10;1;0;0;0;0;;4ABS10;1;0;0;0;0;;;;;;1;1;0;0;0;0;;0;1;4026531840;0;0;0;0;0;1;1;0;;;;;;;;;;;;System.Byte[];1;0;;;1;1;1;-16777216;4026531840;0;962;;;;;;;;;;;;;;;;1;1;0;1;;;;
6RPLO3_PSXD;;RADNA PLOČA - DUŽNA - kant 3;Prednji Stražnji Desni;;54;;;;;1RP38_0000;;1;0;38;0;4ABS10;1;0;0;0;0;;4ABS10;1;0;0;0;0;;;0;0;0;0;0;;4ABS10;1;0;0;0;0;;;;;;0;0;0;0;0;0;;0;1;4026531840;0;0;0;0;0;1;1;0;;;;;;;;;;;;System.Byte[];1;0;;;1;1;1;-16777216;4026531840;0;963;;;;;;;;;;;;;;;;1;1;0;1;;;;
6RPLO3_PSLX;;RADNA PLOČA - DUŽNA - kant 3;Prednji Stražnji Lijevi;;54;;;;;1RP38_0000;;1;0;38;0;4ABS10;1;0;0;0;0;;4ABS10;1;0;0;0;0;;4ABS10;1;0;0;0;0;;;0;0;0;0;0;;;;;;0;0;0;0;0;0;;0;1;4026531840;0;0;0;0;0;1;1;0;;;;;;;;;;;;System.Byte[];1;0;;;1;1;1;-16777216;4026531840;0;964;;;;;;;;;;;;;;;;1;1;0;1;;;;
7PS_BRT;;PREGRADNE STIJENE - BRTVA;;;8;50;;;;4PS-B;;1;0;10;0;;0;0;0;0;0;;;0;0;0;0;0;;;0;0;0;0;0;;;0;0;0;0;0;;;;;;-1;-1;-1;-1;0;0;;0;5;4026531840;0;0;0;0;0;1;0;0;;;;;;;;;;;;System.Byte[];1;0;;;1;1;1;-16777216;4026531840;0;965;;;;;;;;;;;;;;;;1;1;0;1;;;;
7VIJ1_XDXX;;VIJENAC - kant 1;Gornji;;8;49;;;;1IL18;;1;0;19;0;;0;0;0;0;0;;4ABS10;1;0;0;0;0;;;0;0;0;0;0;;;0;0;0;0;0;;;;;;-1;-1;0;0;0;0;;0;1;4026531840;0;0;0;0;0;1;1;0;;;;;;;;;;;;System.Byte[];1;0;;;1;1;1;-16777216;4026531840;0;966;;;;;;;;;;;;;;;;1;1;0;1;;;;
8PRO_BRT_L;;BRTVA PROZORSKA "L";;;9;37;41;;;4BRT-L7;;1;0;7;0;;0;0;0;0;0;;;0;0;0;0;0;;;0;0;0;0;0;;;0;0;0;0;0;;;;;;-1;-1;-1;-1;0;0;;0;5;4026531840;0;0;0;0;0;1;0;0;;;;;;;Zamijeni širinu i debljinu;;;;;System.Byte[];1;0;;;1;1;1;-16777216;4026531840;0;967;;;;;;;;;;;;;;;;1;1;0;1;;;;
8PRO_BRT_R;;BRTVA PROZORSKA RAVNA;;;9;37;41;;;4BRT-R6;;1;0;6;0;;0;0;0;0;0;;;0;0;0;0;0;;;0;0;0;0;0;;;0;0;0;0;0;;;;;;-1;-1;-1;-1;0;0;;0;5;4026531840;0;0;0;0;0;1;0;0;;;;;;;Zamijeni širinu i debljinu;;;;;System.Byte[];1;0;;;1;1;1;-16777216;4026531840;0;968;;;;;;;;;;;;;;;;1;1;0;1;;;;
8VR_DOV_H;;DOVRATNIK HORIZONTALNI;;;9;38;43;61;;3MAS40;;1;0;40;0;;0;0;0;0;0;;;0;0;0;0;0;;;0;0;0;0;0;;;0;0;0;0;0;;;;;;-1;-1;-1;-1;0;0;;0;5;4026531840;20;0;7;0;7;1;0;0;;;;;;;Zamijeni širinu i debljinu;;;;;System.Byte[];1;0;;;1;1;1;-16777216;4026531840;0;988;;;;;;;;;;;;;;;;1;1;0;1;;;;
8PRO_BRT_S;;BRTVA ZA STAKLO;;;9;37;41;;;4BRT-S5;;1;0;5;0;;0;0;0;0;0;;;0;0;0;0;0;;;0;0;0;0;0;;;0;0;0;0;0;;;;;;-1;-1;-1;-1;0;0;;0;5;4026531840;0;0;0;0;0;1;0;0;;;;;;;Zamijeni širinu i debljinu;;;;;System.Byte[];1;0;;;1;1;1;-16777216;4026531840;0;969;;;;;;;;;;;;;;;;1;1;0;1;;;;
8PRO_DOP_H;;DOPROZORNIK HORIZONTALNI;;;9;37;39;;;3MAS;;1;0;;0;;0;0;0;0;0;;;0;0;0;0;0;;;0;0;0;0;0;;;0;0;0;0;0;;;;;;-1;-1;-1;-1;0;0;;0;5;4026531840;0;0;0;0;0;1;0;0;;;;;;;Zamijeni širinu i debljinu;;;;;System.Byte[];1;0;;;1;1;1;-16777216;4026531840;0;970;;;;;;;;;;;;;;;;1;1;0;1;;;;
8PRO_DOP_L;;DOPROZORNIK LUK;;;9;37;39;;;3MAS;;1;0;;0;;0;0;0;0;0;;;0;0;0;0;0;;;0;0;0;0;0;;;0;0;0;0;0;;;;;;-1;-1;-1;-1;0;0;;0;5;4026531840;0;0;0;0;0;1;0;0;;;;;;;;;;;;System.Byte[];1;0;;;1;1;1;-16777216;4026531840;0;971;;;;;;;;;;;;;;;;1;1;0;1;;;;
8PRO_DOP_V;;DOPROZORNIK VERTIKALNI;;;9;37;39;;;3MAS;;1;0;;0;;0;0;0;0;0;;;0;0;0;0;0;;;0;0;0;0;0;;;0;0;0;0;0;;;;;;-1;-1;-1;-1;0;0;;0;5;4026531840;0;0;0;0;0;1;0;0;;;;;;;Zamijeni širinu i debljinu;;;;;System.Byte[];1;0;;;1;1;1;-16777216;4026531840;0;972;;;;;;;;;;;;;;;;1;1;0;1;;;;
8PRO_KRI_H;;KRILO HORIZONTALNI;;;9;37;40;;;3MAS;;1;0;;0;;0;0;0;0;0;;;0;0;0;0;0;;;0;0;0;0;0;;;0;0;0;0;0;;;;;;-1;-1;-1;-1;0;0;;0;5;4026531840;0;0;0;0;0;1;0;0;;;;;;;;;;;;System.Byte[];1;0;;;1;1;1;-16777216;4026531840;0;973;;;;;;;;;;;;;;;;1;1;0;1;;;;
8PRO_KRI_L;;KRILO LUK;;;9;37;40;;;3MAS;;1;0;;0;;0;0;0;0;0;;;0;0;0;0;0;;;0;0;0;0;0;;;0;0;0;0;0;;;;;;-1;-1;-1;-1;0;0;;0;5;4026531840;0;0;0;0;0;1;0;0;;;;;;;;;;;;System.Byte[];1;0;;;1;1;1;-16777216;4026531840;0;974;;;;;;;;;;;;;;;;1;1;0;1;;;;
8PRO_KRI_V;;KRILO VERTIKALNI;;;9;37;40;;;3MAS;;1;0;;0;;0;0;0;0;0;;;0;0;0;0;0;;;0;0;0;0;0;;;0;0;0;0;0;;;;;;-1;-1;-1;-1;0;0;;0;5;4026531840;0;0;0;0;0;1;0;0;;;;;;;;;;;;System.Byte[];1;0;;;1;1;1;-16777216;4026531840;0;975;;;;;;;;;;;;;;;;1;1;0;1;;;;
8PRO_LET_ST;;LETVICA ZA STAKLO;;;9;37;40;;;3MAS18;;1;0;18;0;;0;0;0;0;0;;;0;0;0;0;0;;;0;0;0;0;0;;;0;0;0;0;0;;;;;;-1;-1;-1;-1;0;0;;0;5;4026531840;0;0;0;0;0;1;0;0;;;;;;;Zamijeni širinu i debljinu;;;;;System.Byte[];1;0;;;1;1;1;-16777216;4026531840;0;976;;;;;;;;;;;;;;;;1;1;0;1;;;;
8PRO_LET_SUD;;LETVICA SUDARNA;;;9;37;40;;;3MAS;;1;0;;0;;0;0;0;0;0;;;0;0;0;0;0;;;0;0;0;0;0;;;0;0;0;0;0;;;;;;-1;-1;-1;-1;0;0;;0;5;4026531840;0;0;0;0;0;1;0;0;;;;;;;Zamijeni širinu i debljinu;;;;;System.Byte[];1;0;;;1;1;1;-16777216;4026531840;0;977;;;;;;;;;;;;;;;;1;1;0;1;;;;
8PRO_O1LOZD;;OKOV 1-KRILNI LUČNI OTKLOPNO/ZAOKRETNI DESNI;;;9;37;42;;;6PRO1L-OZD;;1;0;26;0;;0;0;0;0;0;;;0;0;0;0;0;;;0;0;0;0;0;;;0;0;0;0;0;;;;;;-1;-1;-1;-1;0;0;;0;5;4026531840;0;0;0;0;0;1;0;0;;;;;;;;;;;;System.Byte[];1;0;;;1;1;1;-16777216;4026531840;0;978;;;;;;;;;;;;;;;;1;0;0;1;;;;
3LADPODP_LB;;LADICA POD PUNI LEGRABOX;;;4;;;;;EG_W960ST7_16;;1;0;16;0;4ABS_LADICE;0,8;0;0;0;0;;4ABS_LADICE;0,8;0;0;0;0;;4ABS_LADICE;0,8;0;0;0;0;;4ABS_LADICE;0,8;0;0;0;0;;;;;;0;0;0;0;0;;;0;1;4026531840;0;0;0;0;0;1;1;0;;;;;;;;;;;;System.Byte[];1;0;;;1;1;1;-16777216;4026531840;0;869;;;;;;;;;;;;;;;;1;1;0;1;;;;
1VEZV4_PSGD;;VEZ VERTIKALNI - kant 4;Prednji/Desni Stražnji/Lijevi Gornji Donji;;54;;;;;1IL18;;1;0;18;0;4ABS10;1;0;0;0;0;;4ABS10;1;0;0;0;0;;4ABS10;1;0;0;0;0;;4ABS10;1;0;0;0;0;;;;;;0;0;0;0;0;0;;0;1;4026531840;0;0;0;0;0;1;0;0;;;;;;;;;;;;System.Byte[];1;0;;;1;1;1;-16777216;4026531840;0;1127;;;;;;;;;;;;;;;;1;1;0;1;;;;
1LEDP4;;LEĐA PUNA - kant 4;;;54;;;;;1IL18;;1;0;18;0;4ABS20;2;0;0;0;0;;4ABS20;2;0;0;0;0;;4ABS20;2;0;0;0;0;;4ABS20;2;0;0;0;0;;;;;;0;0;0;0;0;0;;0;1;4026531840;0;0;0;0;0;1;1;0;;;;;;;;;;;;System.Byte[];1;0;;;1;1;1;-16777216;4026531840;0;1128;0;0;0;0;;;;;;;;;;;;1;1;0;1;;;;
1LEDP1_XXDX;;LEĐA PUNA - kant 1;Donji;;54;;;;;1IL18;;1;0;18;0;;0;0;0;0;0;;;0;0;0;0;0;;4ABS10;1;0;0;0;0;;;0;0;0;0;0;;;;;;1;-1;-1;1;0;0;;0;1;4026531840;0;0;0;0;0;1;1;0;;;;;;;;;;;;System.Byte[];1;0;;;1;1;1;-16777216;4026531840;0;870;;;;;;;;;;;;;;;;1;1;0;1;;;;
1LEDP2_XLDX;;LEĐA PUNA - kant 2;Lijevi Donji;;54;;;;;1IL18;;1;0;18;0;;0;0;0;0;0;;4ABS10;1;0;0;0;0;;4ABS10;1;0;0;0;0;;;0;0;0;0;0;;;;;;1;-1;0;0;0;0;;0;1;4026531840;0;0;0;0;0;1;1;0;;;;;;;;;;;;System.Byte[];1;0;;;1;1;1;-16777216;4026531840;0;872;;;;;;;;;;;;;;;;1;1;0;1;;;;
1VEZUP;;VEZ UZDUŽNI PREDNJI;;;2;24;;;;1IL18;;1;0;18;0;4ABS10;1;0;0;0;0;;4ABS10;1;0;0;0;0;;4ABS10;1;0;0;0;0;;4ABS10;1;0;0;0;0;;;;;;0;0;0;0;0;0;;0;1;4026531840;0;0;0;0;0;1;1;0;;;;;;;;;;;;System.Byte[];1;0;;;1;1;1;-16777216;4026531840;0;1296;;;;;;;;;;;;;;;;1;1;0;1;;;;
1LEDP2_XXDG;;LEĐA PUNA - kant 2;Donji Gornji;;54;;;;;1IL18;;1;0;18;0;;0;0;0;0;0;;;0;0;0;0;0;;4ABS10;1;0;0;0;0;;4ABS10;1;0;0;0;0;;;;;;1;1;1;1;0;0;;0;1;4026531840;0;0;0;0;0;1;1;0;;;;;;;;;;;;System.Byte[];1;0;;;1;1;1;-16777216;4026531840;0;871;;;;;;;;;;;;;;;;1;1;0;1;;;;
1LEDP2_DXDX;;LEĐA PUNA - kant 2;Desni Donji;;54;;;;;1IL18;;1;0;18;0;4ABS10;1;0;0;0;0;;;0;0;0;0;0;;4ABS10;1;0;0;0;0;;;0;0;0;0;0;;;;;;0;0;-1;1;0;0;;0;1;4026531840;0;0;0;0;0;1;1;0;;;;;;;;;;;;System.Byte[];1;0;;;1;1;1;-16777216;4026531840;0;873;;;;;;;;;;;;;;;;1;1;0;1;;;;
1LEDP3_XLDG;;LEĐA PUNA - kant 3;Lijevi Donji Gornji;;54;;;;;1IL18;;1;0;18;0;;0;0;0;0;0;;4ABS10;1;0;0;0;0;;4ABS10;1;0;0;0;0;;4ABS10;1;0;0;0;0;;;;;;1;1;0;0;0;0;;0;1;4026531840;0;0;0;0;0;1;1;0;;;;;;;;;;;;System.Byte[];1;0;;;1;1;1;-16777216;4026531840;0;874;;;;;;;;;;;;;;;;1;1;0;1;;;;
1LEDP3_DXDG;;LEĐA PUNA - kant 3;Desni Donji Gornji;;54;;;;;1IL18;;1;0;18;0;4ABS10;1;0;0;0;0;;;0;0;0;0;0;;4ABS10;1;0;0;0;0;;4ABS10;1;0;0;0;0;;;;;;0;0;1;1;0;0;;0;1;4026531840;0;0;0;0;0;1;1;0;;;;;;;;;;;;System.Byte[];1;0;;;1;1;1;-16777216;4026531840;0;875;;;;;;;;;;;;;;;;1;1;0;1;;;;
1MS1_DXXX;;MASKA - kant 1;Desni;;54;;;;;1IL18;;1;0;18;0;4ABS10;1;0;0;0;0;;;0;0;0;0;0;;;0;0;0;0;0;;;0;0;0;0;0;;;;;;0;0;-1;-1;0;0;;0;1;4026531840;0;0;0;0;0;1;1;0;;;;;;;;;;;;System.Byte[];1;0;;;1;1;1;-16777216;4026531840;0;876;;;;;;;;;;;;;;;;1;1;0;1;;;;
1MS4;;MASKA - kant 4;;;54;;;;;1IL18;;1;0;18;0;4ABS20;2;0;0;0;0;;4ABS20;2;0;0;0;0;;4ABS20;2;0;0;0;0;;4ABS20;2;0;0;0;0;;;;;;0;0;0;0;0;0;;0;1;4026531840;0;0;0;0;0;1;1;0;;;;;;;;;;;;System.Byte[];1;0;;;1;1;1;-16777216;4026531840;0;1129;0;0;0;0;;;;;;;;;;;;1;1;0;1;;;;
1STR1_PXXX;;STRANICA - kant 1;Prednji;;54;;;;;1IL18;;1;0;19;0;4ABS10;1;0;0;0;0;;;0;0;0;0;0;;;0;0;0;0;0;;;0;0;0;0;0;;;;;;0;0;-1;-1;0;0;;0;1;4026531840;0;0;0;0;0;1;1;0;;;;;;;;;;;;System.Byte[];1;0;;;1;1;1;-16777216;4026531840;0;890;;;;;;;;;;;;;;;;1;1;0;1;;;;
1STRFF3_PXDG;;STRANICA FURNIR - kant furnir 3;Prednji Donji Gornji;;54;;;;;1IV18;;1;0;18;0;4FRT10;1;0;0;0;0;;;0;0;0;0;0;;4FRT10;1;0;0;0;0;;4FRT10;1;0;0;0;0;;2_LICE1;2_NAL1;8LAK-2X;8LAK-2X;0;0;1;1;0;0;;0;1;4026531840;0;0;0;0;0;1;1;0;;;;;;;;;;;;System.Byte[];1;0;;;1;1;1;-16777216;4026531840;0;898;;;;;;;;;;;;;;;;1;1;0;1;;;;
1STRFM2_PSXX;;STRANICA FURNIR - kant masiv 2;Prednji Stražnji;;54;;;;;1IV18;;1;0;18;0;3MAS;10;0;0;1;0;;3MAS;10;0;0;1;0;;;0;0;0;0;0;;;0;0;0;0;0;;2_LICE1;2_NAL1;8LAK-2X;8LAK-2X;0;0;0;0;0;0;;0;1;4026531840;0;0;0;0;0;1;1;0;;;;;;;;;;;;System.Byte[];1;0;;;1;1;1;-16777216;4026531840;0;902;;;;;;;;;;;;;;;;1;1;0;1;;;;
1STRFF3_PSXG;;STRANICA FURNIR - kant furnir 3;Prednji Stražnji Gornji;;54;;;;;1IV18;;1;0;18;0;4FRT10;1;0;0;0;0;;4FRT10;1;0;0;0;0;;;0;0;0;0;0;;4FRT10;1;0;0;0;0;;2_LICE1;2_NAL1;8LAK-2X;8LAK-2X;0;0;0;0;0;0;;0;1;4026531840;0;0;0;0;0;1;1;0;;;;;;;;;;;;System.Byte[];1;0;;;1;1;1;-16777216;4026531840;0;899;;;;;;;;;;;;;;;;1;1;0;1;;;;
1VEZH1_PXXX;;VEZ HORIZONTALNI - kant 1;Prednji/Donji;;54;;;;;1IL18;;1;0;19;0;4ABS10;1;0;0;0;0;;;0;0;0;0;0;;;0;0;0;0;0;;;0;0;0;0;0;;;;;;0;0;-1;-1;0;0;;0;1;4026531840;0;0;0;0;0;1;1;0;;;;;;;;;;;;System.Byte[];1;0;;;1;1;1;-16777216;4026531840;0;907;;;;;;;;;;;;;;;;1;1;0;1;;;;
1STRFF3_PSDX;;STRANICA FURNIR - kant furnir 3;Prednji Stražnji Donji;;54;;;;;1IV18;;1;0;18;0;4FRT10;1;0;0;0;0;;4FRT10;1;0;0;0;0;;4FRT10;1;0;0;0;0;;;0;0;0;0;0;;2_LICE1;2_NAL1;8LAK-2X;8LAK-2X;0;0;0;0;0;0;;0;1;4026531840;0;0;0;0;0;1;1;0;;;;;;;;;;;;System.Byte[];1;0;;;1;1;1;-16777216;4026531840;0;900;;;;;;;;;;;;;;;;1;1;0;1;;;;
1STRFM3_PXDG;;STRANICA FURNIR - kant masiv 3;Prednji Donji Gornji;;54;;;;;1IV18;;1;0;18;0;3MAS;10;0;0;1;0;;;0;0;0;0;0;;3MAS;10;0;0;1;0;;3MAS;10;0;0;1;0;;2_LICE1;2_NAL1;8LAK-2X;8LAK-2X;2;2;1;1;0;0;;0;1;4026531840;0;0;0;0;0;1;1;0;;;;;;;;;;;;System.Byte[];1;0;;;1;1;1;-16777216;4026531840;0;903;;;;;;;;;;;;;;;;1;1;0;1;;;;
1STRFM1_PXXX;;STRANICA FURNIR - kant masiv 1;Prednji;;54;;;;;1IV18;;1;0;18;0;3MAS;10;0;0;1;0;;;0;0;0;0;0;;;0;0;0;0;0;;;0;0;0;0;0;;2_LICE1;2_NAL1;8LAK-2X;8LAK-2X;0;0;-1;-1;0;0;;0;1;4026531840;0;0;0;0;0;1;1;0;;;;;;;;;;;;System.Byte[];1;0;;;1;1;1;-16777216;4026531840;0;901;;;;;;;;;;;;;;;;1;1;0;1;;;;
1STRFM3_PSXG;;STRANICA FURNIR - kant masiv 3;Prednji Stražnji Gornji;;54;;;;;1IV18;;1;0;18;0;3MAS;10;0;0;1;0;;3MAS;10;0;0;1;0;;;0;0;0;0;0;;3MAS;10;0;0;1;0;;2_LICE1;2_NAL1;8LAK-2X;8LAK-2X;0;2;2;0;0;0;;0;1;4026531840;0;0;0;0;0;1;1;0;;;;;;;;;;;;System.Byte[];1;0;;;1;1;1;-16777216;4026531840;0;904;;;;;;;;;;;;;;;;1;1;0;1;;;;
1STRFM3_PSDX;;STRANICA FURNIR - kant masiv 3;Prednji Stražnji Donji;;54;;;;;1IV18;;1;0;18;0;3MAS;10;0;0;1;0;;3MAS;10;0;0;1;0;;3MAS;10;0;0;1;0;;;0;0;0;0;0;;2_LICE1;2_NAL1;8LAK-2X;8LAK-2X;2;0;0;2;0;0;;0;1;4026531840;0;0;0;0;0;1;1;0;;;;;;;;;;;;System.Byte[];1;0;;;1;1;1;-16777216;4026531840;0;905;;;;;;;;;;;;;;;;1;1;0;1;;;;
1VEZH1_XSXX;;VEZ HORIZONTALNI - kant 1;Stražnji/Gornji;;54;;;;;1IL18;;1;0;19;0;;0;0;0;0;0;;4ABS10;1;0;0;0;0;;;0;0;0;0;0;;;0;0;0;0;0;;;;;;-1;-1;0;0;0;0;;0;1;4026531840;0;0;0;0;0;1;1;0;;;;;;;;;;;;System.Byte[];1;0;;;1;1;1;-16777216;4026531840;0;906;;;;;;;;;;;;;;;;1;1;0;1;;;;
8PRO_O1LOZL;;OKOV 1-KRILNI LUČNI OTKLOPNO/ZAOKRETNI LIJEVI;;;9;37;42;;;6PRO1L-OZL;;1;0;26;0;;0;0;0;0;0;;;0;0;0;0;0;;;0;0;0;0;0;;;0;0;0;0;0;;;;;;-1;-1;-1;-1;0;0;;0;5;4026531840;0;0;0;0;0;1;0;0;;;;;;;;;;;;System.Byte[];1;0;;;1;1;1;-16777216;4026531840;0;979;;;;;;;;;;;;;;;;1;1;0;1;;;;
8VR_DOV_V;;DOVRATNIK VERTIKALNI;;;9;38;43;61;;3MAS40;;1;0;40;0;;0;0;0;0;0;;;0;0;0;0;0;;;0;0;0;0;0;;;0;0;0;0;0;;;;;;-1;-1;-1;-1;0;0;;0;5;4026531840;20;0;7;0;7;1;0;0;;;;;;;Zamijeni širinu i debljinu;;;;;System.Byte[];1;0;;;1;1;1;-16777216;4026531840;0;989;;;;;;;;;;;;;;;;1;1;0;1;;;;
8PRO_O1OZD;;OKOV 1-KRILNI OTKLOPNO/ZAOKRETNI DESNI;;;9;37;42;;;6PRO1-OZD;;1;0;26;0;;0;0;0;0;0;;;0;0;0;0;0;;;0;0;0;0;0;;;0;0;0;0;0;;;;;;-1;-1;-1;-1;0;0;;0;5;4026531840;0;0;0;0;0;1;0;0;;;;;;;;;;;;System.Byte[];1;0;;;1;1;1;-16777216;4026531840;0;980;;;;;;;;;;;;;;;;1;1;0;1;;;;
8PRO_O1OZL;;OKOV 1-KRILNI OTKLOPNO/ZAOKRETNI LIJEVI;;;9;37;42;;;6PRO1-OZL;;1;0;26;0;;0;0;0;0;0;;;0;0;0;0;0;;;0;0;0;0;0;;;0;0;0;0;0;;;;;;-1;-1;-1;-1;0;0;;0;5;4026531840;0;0;0;0;0;1;0;0;;;;;;;;;;;;System.Byte[];1;0;;;1;1;1;-16777216;4026531840;0;981;;;;;;;;;;;;;;;;1;1;0;1;;;;
8VR_KROKV_HD;;KRILO OKVIR HORIZONTALNI DONJI;;;2;38;44;65;;3MAS40;;1;0;40;0;;0;0;0;0;0;;;0;0;0;0;0;;;0;0;0;0;0;;;0;0;0;0;0;;;;;;-1;-1;-1;-1;0;;;0;1;4026531840;0;0;0;0;0;1;0;0;;;;;;;Zamijeni širinu i debljinu;;;;;System.Byte[];1;0;;;1;1;1;-16777216;4026531840;0;990;;;;;;;;;;;;;;;;1;1;0;1;;;;
8PRO_O2OZD;;OKOV 2-KRILNI OTKLOPNO/ZAOKRETNI DESNI;;;9;37;42;;;6PRO2-OZD;;1;0;26;0;;0;0;0;0;0;;;0;0;0;0;0;;;0;0;0;0;0;;;0;0;0;0;0;;;;;;-1;-1;-1;-1;0;0;;0;5;4026531840;0;0;0;0;0;1;0;0;;;;;;;;;;;;System.Byte[];1;0;;;1;1;1;-16777216;4026531840;0;982;;;;;;;;;;;;;;;;1;1;0;1;;;;
1POD4;;POD - kant 4;;;54;;;;;1IL18;;1;0;18;0;4ABS20;2;0;0;0;0;;4ABS20;2;0;0;0;0;;4ABS20;2;0;0;0;0;;4ABS20;2;0;0;0;0;;;;;;0;0;0;0;0;0;;0;1;4026531840;0;0;0;0;0;1;1;0;;;;;;;;;;;;System.Byte[];1;0;;;1;1;1;-16777216;4026531840;0;1130;0;0;0;0;;;;;;;;;;;;1;1;0;1;;;;
8PRO_O2OZL;;OKOV 2-KRILNI OTKLOPNO/ZAOKRETNI LIJEVI;;;9;37;42;;;6PRO2-OZL;;1;0;26;0;;0;0;0;0;0;;;0;0;0;0;0;;;0;0;0;0;0;;;0;0;0;0;0;;;;;;-1;-1;-1;-1;0;0;;0;5;4026531840;0;0;0;0;0;1;0;0;;;;;;;;;;;;System.Byte[];1;0;;;1;1;1;-16777216;4026531840;0;983;;;;;;;;;;;;;;;;1;1;0;1;;;;
8VR_KROKV_HG;;KRILO OKVIR HORIZONTALNI GORNJI;;;9;38;44;65;;3MAS40;;1;0;40;0;;0;0;0;0;0;;;0;0;0;0;0;;;0;0;0;0;0;;;0;0;0;0;0;;;;;;-1;-1;-1;-1;0;;;0;5;4026531840;0;0;0;0;0;1;0;0;;;;;;;Zamijeni širinu i debljinu;;;;;System.Byte[];1;0;;;1;1;1;-16777216;4026531840;0;991;;;;;;;;;;;;;;;;1;1;0;1;;;;
8PRO_O2ZD;;OKOV 2-KRILNI ZAOKRETNI DESNI;;;9;37;42;;;6PRO2-ZD;;1;0;26;0;;0;0;0;0;0;;;0;0;0;0;0;;;0;0;0;0;0;;;0;0;0;0;0;;;;;;-1;-1;-1;-1;0;0;;0;5;4026531840;0;0;0;0;0;1;0;0;;;;;;;;;;;;System.Byte[];1;0;;;1;1;1;-16777216;4026531840;0;984;;;;;;;;;;;;;;;;1;1;0;1;;;;
8PRO_O2ZL;;OKOV 2-KRILNI ZAOKRETNI LIJEVI;;;9;37;42;;;6PRO2-ZL;;1;0;26;0;;0;0;0;0;0;;;0;0;0;0;0;;;0;0;0;0;0;;;0;0;0;0;0;;;;;;-1;-1;-1;-1;0;0;;0;5;4026531840;0;0;0;0;0;1;0;0;;;;;;;;;;;;System.Byte[];1;0;;;1;1;1;-16777216;4026531840;0;985;;;;;;;;;;;;;;;;1;1;0;1;;;;
8VR_KROKV_HS;;KRILO OKVIR HORIZONTALNI SREDNJI;;;9;38;44;65;;3MAS40;;1;0;40;0;;0;0;0;0;0;;;0;0;0;0;0;;;0;0;0;0;0;;;0;0;0;0;0;;;;;;-1;-1;-1;-1;0;;;0;5;4026531840;0;0;0;0;0;1;0;0;;;;;;;Zamijeni širinu i debljinu;;;;;System.Byte[];1;0;;;1;1;1;-16777216;4026531840;0;992;;;;;;;;;;;;;;;;1;1;0;1;;;;
8PRO_ST;;STAKLO IZO;;;9;37;40;;;5STAKLO-IZO30;;1;0;30;0;;0;0;0;0;0;;;0;0;0;0;0;;;0;0;0;0;0;;;0;0;0;0;0;;;;;;-1;-1;-1;-1;0;0;;0;5;4026531840;0;0;0;0;0;1;0;0;;;;;;;Zamijeni širinu i debljinu;;;;;System.Byte[];1;0;;;1;1;1;-16777216;4026531840;0;986;;;;;;;;;;;;;;;;1;1;0;1;;;;
8VR_BRT_D;;BRTVA DOVRATNIKA;;;9;38;45;;;4BRT-11X6;;1;0;7;0;;0;0;0;0;0;;;0;0;0;0;0;;;0;0;0;0;0;;;0;0;0;0;0;;;;;;-1;-1;-1;-1;0;0;;0;5;4026531840;0;0;0;0;0;1;0;0;;;;;;;Zamijeni širinu i debljinu;;;;;System.Byte[];1;0;;;1;1;1;-16777216;4026531840;0;987;;;;;;;;;;;;;;;;1;1;0;1;;;;
1ST4;;STROP - kant 4;;;54;;;;;1IL18;;1;0;18;0;4ABS10;1;0;0;0;0;;4ABS10;1;0;0;0;0;;4ABS20;2;0;0;0;0;;4ABS20;2;0;0;0;0;;;;;;0;0;0;0;0;0;;0;1;4026531840;0;0;0;0;0;1;1;0;;;;;;;;;;;;System.Byte[];1;0;;;1;1;1;-16777216;4026531840;0;1131;0;0;0;0;;;;;;;;;;;;1;1;0;1;;;;
8VR_KROKV_ISP;;KRILO OKVIR ISPUNA;;;9;38;44;65;;1SACE33;;1;0;33;0;;0;0;0;0;0;;;0;0;0;0;0;;;0;0;0;0;0;;;0;0;0;0;0;;;;;;-1;-1;-1;-1;0;;;0;5;4026531840;0;0;0;0;0;1;0;0;;;;;;;Zamijeni širinu i debljinu;;;;;System.Byte[];1;0;;;1;1;1;-16777216;4026531840;0;993;;;;;;;;;;;;;;;;1;1;0;1;;;;
K_STR2_DGXX;;STRANICA KREVETA - kant 2;Dolje Gore;;3;;;;;1IL38;;1;0;19;0;4ABS10;1;0;0;0;0;;4ABS10;1;0;0;0;0;;;0;0;0;0;0;;;0;0;0;0;0;;;;;;0;0;0;0;0;0;;0;1;4026531840;0;0;0;0;0;1;1;0;;;;;;;;;;;;;1;0;;;1;1;1;-16777216;4026531840;0;1003;;;;;;;;;;;;;;;;1;1;0;1;;;;
8VR_KROKV_OBL;;KRILO OKVIR OBLOGA;;;9;38;44;65;;1HFH03;;1;0;3,2;0;;0;0;0;0;0;;;0;0;0;0;0;;;0;0;0;0;0;;;0;0;0;0;0;;;;;;-1;-1;-1;-1;0;;;0;5;4026531840;0;0;0;0;0;1;0;0;;;;;;;Zamijeni širinu i debljinu;;;;;System.Byte[];1;0;;;1;1;1;-16777216;4026531840;0;994;;;;;;;;;;;;;;;;1;1;0;1;;;;
T_PODN_07_19;;PODNICA KREVETA 70 x 190;;;10;;;;;T-PODN-07X19;;1;0;40;0;;0;0;0;0;0;;;0;0;0;0;0;;;0;0;0;0;0;;;0;0;0;0;0;;;;;;-1;-1;-1;-1;0;0;;0;4026531840;4026531840;0;0;0;0;0;1;0;0;;;;;;;;;;;;;1;0;;;1;1;0;-16777216;4026531840;0;1004;;;;;;;;;;;;;;;;1;1;0;1;;;;
8VR_KROKV_PAK;;KRILO OKVIR PAKNA;;;9;38;44;65;;3MAS40;;1;0;40;0;;0;0;0;0;0;;;0;0;0;0;0;;;0;0;0;0;0;;;0;0;0;0;0;;;;;;-1;-1;-1;-1;0;;;0;5;4026531840;0;0;0;0;0;1;0;0;;;;;;;Zamijeni širinu i debljinu;;;;;System.Byte[];1;0;;;1;1;1;-16777216;4026531840;0;995;;;;;;;;;;;;;;;;1;1;0;1;;;;
T_PODN_07_20;;PODNICA KREVETA 70 x 200;;;10;;;;;T-PODN-07X20;;1;0;40;0;;0;0;0;0;0;;;0;0;0;0;0;;;0;0;0;0;0;;;0;0;0;0;0;;;;;;-1;-1;-1;-1;0;0;;0;4026531840;4026531840;0;0;0;0;0;1;0;0;;;;;;;;;;;;;1;0;;;1;1;0;-16777216;4026531840;0;1005;;;;;;;;;;;;;;;;1;1;0;1;;;;
8VR_KROKV_V;;KRILO OKVIR VERTIKALNI;;;9;38;44;65;;3MAS40;;1;0;40;0;;0;0;0;0;0;;;0;0;0;0;0;;;0;0;0;0;0;;;0;0;0;0;0;;;;;;-1;-1;-1;-1;0;;;0;5;4026531840;0;0;0;0;0;1;0;0;;;;;;;Zamijeni širinu i debljinu;;;;;System.Byte[];1;0;;;1;1;1;-16777216;4026531840;0;996;;;;;;;;;;;;;;;;1;1;0;1;;;;
T_PODN_08_19;;PODNICA KREVETA 80 x 190;;;10;;;;;T-PODN-08X19;;1;0;40;0;;0;0;0;0;0;;;0;0;0;0;0;;;0;0;0;0;0;;;0;0;0;0;0;;;;;;-1;-1;-1;-1;0;0;;0;4026531840;4026531840;0;0;0;0;0;1;0;0;;;;;;;;;;;;;1;0;;;1;1;0;-16777216;4026531840;0;1006;;;;;;;;;;;;;;;;1;1;0;1;;;;
8VR_KRRUB;;KRILO RUB;;;9;38;44;65;;4MAS03;;1;0;3;0;;0;0;0;0;0;;;0;0;0;0;0;;;0;0;0;0;0;;;0;0;0;0;0;;;;;;-1;-1;-1;-1;0;;;0;5;4026531840;0;0;0;0;0;1;0;0;;;;;;;Zamijeni širinu i debljinu;;;;;System.Byte[];1;0;;;1;1;1;-16777216;4026531840;0;997;;;;;;;;;;;;;;;;1;1;0;1;;;;
T_PODN_09_19;;PODNICA KREVETA 90 x 190;;;10;;;;;T-PODN-09X19;;1;0;40;0;;0;0;0;0;0;;;0;0;0;0;0;;;0;0;0;0;0;;;0;0;0;0;0;;;;;;-1;-1;-1;-1;0;0;;0;4026531840;4026531840;0;0;0;0;0;1;0;0;;;;;;;;;;;;;1;0;;;1;1;0;-16777216;4026531840;0;1008;;;;;;;;;;;;;;;;1;1;0;1;;;;
8VR_KRUKL_F;;KRILO UKLADA FURNIRANA;;;9;38;44;65;;1IL10D;;1;0;10;0;;0;0;0;0;0;;;0;0;0;0;0;;;0;0;0;0;0;;;0;0;0;0;0;;;;;;-1;-1;-1;-1;0;;;0;5;4026531840;0;0;0;0;0;1;0;0;;;;;;;Zamijeni širinu i debljinu;;;;;System.Byte[];1;0;;;1;1;1;-16777216;4026531840;0;998;;;;;;;;;;;;;;;;1;1;0;1;;;;
1STD4;;STRANICA DESNA - kant 4;;;54;;;;;1IL18;;1;0;18;0;4ABS10;2;0;0;0;0;;4ABS10;2;0;0;0;0;;4ABS20;2;0;0;0;0;;4ABS20;2;0;0;0;0;;;;;;0;0;0;0;0;0;;0;1;4026531840;0;0;0;0;0;1;1;0;;;;;;;;;;;;System.Byte[];1;0;;;1;1;1;-16777216;4026531840;0;1132;0;0;0;0;;;;;;;;;;;;1;1;0;1;;;;
8VR_KRUKL_P;;KRILO UKLADA PUNA;;;9;38;44;65;;1MDF18;;1;0;18;0;;0;0;0;0;0;;;0;0;0;0;0;;;0;0;0;0;0;;;0;0;0;0;0;;;;;;-1;-1;-1;-1;0;;;0;5;4026531840;0;0;0;0;0;1;0;0;;;;;;;Zamijeni širinu i debljinu;;;;;System.Byte[];1;0;;;1;1;1;-16777216;4026531840;0;999;;;;;;;;;;;;;;;;1;1;0;1;;;;
8VR_PLD_H;;POKROVNA LETVA DOVRATNIKA HORIZONTALNA;;;9;38;43;61;;3MAS;;1;0;0;0;;0;0;0;0;0;;;0;0;0;0;0;;;0;0;0;0;0;;;0;0;0;0;0;;;;;;-1;-1;-1;-1;0;0;;0;5;4026531840;0;0;0;0;0;1;0;0;;;;;;;Zamijeni širinu i debljinu;;;;;System.Byte[];1;0;;;1;1;1;-16777216;4026531840;0;1000;;;;;Profili\Dovratnik - opsavna letva.MAC;;;;;;;;;;;1;1;0;1;;;;
8VR_PLD_V;;POKROVNA LETVA DOVRATNIKA VERTIKALNA;;;9;38;43;61;;3MAS;;1;0;0;0;;0;0;0;0;0;;;0;0;0;0;0;;;0;0;0;0;0;;;0;0;0;0;0;;;;;;-1;-1;-1;-1;0;0;;0;5;4026531840;0;0;0;0;0;1;0;0;;;;;;;Zamijeni širinu i debljinu;;;;;System.Byte[];1;0;;;1;1;1;-16777216;4026531840;0;1001;;;;;Profili\Dovratnik - opsavna letva.MAC;;;;;;;;;;;1;1;0;1;;;;
9VL_STAB_FR;;VODILICA - STABILIZATOR FRONTE;;;5;;;;;7_HEVL-STAB-FR;;1;0;0;0;;0;0;0;0;0;;;0;0;0;0;0;;;0;0;0;0;0;;;0;0;0;0;0;;;;;;-1;-1;-1;-1;0;0;;0;0;4026531840;0;0;0;0;0;1;1;0;;;;;;;;;;;;;1;0;;;1;1;1;-16777216;4026531840;0;1002;;;;;;;;;;;;;;;;1;1;0;1;;;;
T_PODN_08_20;;PODNICA KREVETA 80 x 200;;;10;;;;;T-PODN-08X20;;1;0;40;0;;0;0;0;0;0;;;0;0;0;0;0;;;0;0;0;0;0;;;0;0;0;0;0;;;;;;-1;-1;-1;-1;0;0;;0;4026531840;4026531840;0;0;0;0;0;1;0;0;;;;;;;;;;;;;1;0;;;1;1;0;-16777216;4026531840;0;1007;;;;;;;;;;;;;;;;1;1;0;1;;;;
T_PODN_09_20;;PODNICA KREVETA 90 x 200;;;10;;;;;T-PODN-09X20;;1;0;40;0;;0;0;0;0;0;;;0;0;0;0;0;;;0;0;0;0;0;;;0;0;0;0;0;;;;;;-1;-1;-1;-1;0;0;;0;4026531840;4026531840;0;0;0;0;0;1;0;0;;;;;;;;;;;;;1;0;;;1;1;0;-16777216;4026531840;0;1009;;;;;;;;;;;;;;;;1;1;0;1;;;;
T_PODN_10_19;;PODNICA KREVETA 100 x 190;;;10;;;;;T-PODN-10X19;;1;0;40;0;;0;0;0;0;0;;;0;0;0;0;0;;;0;0;0;0;0;;;0;0;0;0;0;;;;;;-1;-1;-1;-1;0;0;;0;4026531840;4026531840;0;0;0;0;0;1;0;0;;;;;;;;;;;;;1;0;;;1;1;0;-16777216;4026531840;0;1010;;;;;;;;;;;;;;;;1;1;0;1;;;;
T_PODN_10_20;;PODNICA KREVETA 100 x 200;;;10;;;;;T-PODN-10X20;;1;0;40;0;;0;0;0;0;0;;;0;0;0;0;0;;;0;0;0;0;0;;;0;0;0;0;0;;;;;;-1;-1;-1;-1;0;0;;0;4026531840;4026531840;0;0;0;0;0;1;0;0;;;;;;;;;;;;;1;0;;;1;1;0;-16777216;4026531840;0;1011;;;;;;;;;;;;;;;;1;1;0;1;;;;
T_PODN_12_19;;PODNICA KREVETA 120 x 190;;;10;;;;;T-PODN-12X19;;1;0;40;0;;0;0;0;0;0;;;0;0;0;0;0;;;0;0;0;0;0;;;0;0;0;0;0;;;;;;-1;-1;-1;-1;0;0;;0;4026531840;4026531840;0;0;0;0;0;1;0;0;;;;;;;;;;;;;1;0;;;1;1;0;-16777216;4026531840;0;1012;;;;;;;;;;;;;;;;1;1;0;1;;;;
T_PODN_12_20;;PODNICA KREVETA 120 x 200;;;10;;;;;T-PODN-12X20;;1;0;40;0;;0;0;0;0;0;;;0;0;0;0;0;;;0;0;0;0;0;;;0;0;0;0;0;;;;;;-1;-1;-1;-1;0;0;;0;4026531840;4026531840;0;0;0;0;0;1;0;0;;;;;;;;;;;;;1;0;;;1;1;0;-16777216;4026531840;0;1013;;;;;;;;;;;;;;;;1;1;0;1;;;;
Z_DOV_FALC;;DOVRATNIK FALC;;;12;;;;;9DOV-FALC;;1;0;1;0;;0;0;0;0;0;;;0;0;0;0;0;;;0;0;0;0;0;;;0;0;0;0;0;;;;;;-1;-1;-1;-1;0;0;;0;65535;255;0;0;0;0;0;1;0;0;;;;;;;;;;;;System.Byte[];1;0;;;1;1;0;-16777216;4026531840;0;1014;;;;;Profili\Dovratnik - falc.MAC;;;;;;;;;;;0;0;0;0;;;;
Z_LET_FIKT_TIPL;;LETVA FIKTIVNA ZA TIPLE;;;12;;;;;9D;;1;0;1;0;;0;0;0;0;0;;;0;0;0;0;0;;;0;0;0;0;0;;;0;0;0;0;0;;;;;;-1;-1;-1;-1;0;0;;0;65535;4026532095;0;0;0;0;0;1;0;0;;;;;;;;;;;;System.Byte[];1;0;;;1;1;0;-16777216;4026531840;0;1015;;;;;;;;;;;;;;;;0;0;0;0;;;;
1STL4;;STRANICA LIJEVA - kant 4;;;2;;;;;1IL18;;1;0;18;0;4ABS10;2;0;0;0;0;;4ABS10;2;0;0;0;0;;4ABS20;2;0;0;0;0;;4ABS20;2;0;0;0;0;;;;;;0;0;0;0;0;0;;0;1;4026531840;0;0;0;0;0;1;1;0;;;;;;;;;;;;System.Byte[];1;0;;;1;1;1;-16777216;4026531840;0;1133;0;0;0;0;;;;;;;;;;;;1;1;0;1;;;;
Z_VRA_FIKT_S1;;VRATA FIKTIVNA ZA PANT AL S1;;;12;;;;;9D;;1;0;1;0;;0;0;0;0;0;;;0;0;0;0;0;;;0;0;0;0;0;;;0;0;0;0;0;;;;;;-1;-1;-1;-1;0;0;;0;4026597375;255;0;0;0;0;0;1;0;0;;;;;;;;;;;;System.Byte[];1;0;;;1;1;0;-16777216;4026531840;0;1016;;;;;;;;;;;;;;;;0;0;0;0;;;;
Z_VRA_FIKT_S6;;VRATA FIKTIVNA ZA PANT AL S6;;;12;;;;;9D;;1;0;1;0;;0;0;0;0;0;;;0;0;0;0;0;;;0;0;0;0;0;;;0;0;0;0;0;;;;;;-1;-1;-1;-1;0;0;;0;4026597375;255;0;0;0;0;0;1;0;0;;;;;;;;;;;;System.Byte[];1;0;;;1;1;0;-16777216;4026531840;0;1017;;;;;;;;;;;;;;;;0;0;0;0;;;;
Z_VRA_FIKTIVNA;;VRATA FIKTIVNA PUNA ZA PANTE;;;12;;;;;9D;;1;0;1;0;;0;0;0;0;0;;;0;0;0;0;0;;;0;0;0;0;0;;;0;0;0;0;0;;;;;;-1;-1;-1;-1;0;0;;0;4026597375;255;0;0;0;0;0;1;0;0;;;;;;;;;;;;System.Byte[];1;0;;;1;1;0;-16777216;4026531840;0;1018;;;;;;;;;;;;;;;;0;0;0;0;;;;
1STR4;;STRANICA - kant 4;;;54;;;;;1IL18;;1;0;18;0;4ABS20;2;0;0;0;0;;4ABS20;2;0;0;0;0;;4ABS20;2;0;0;0;0;;4ABS20;2;0;0;0;0;;;;;;0;0;0;0;0;0;;0;1;4026531840;0;0;0;0;0;1;1;0;;;;;;;;;;;;System.Byte[];1;0;;;1;1;1;-16777216;4026531840;0;1134;0;0;0;0;;;;;;;;;;;;1;1;0;1;;;;
4OUKL_STAK;;UKLADA OKVIRA STAKLENA;;;54;;;;;5STAKLO-05;;1;0;5;0;;0;0;0;0;0;;;0;0;0;0;0;;;0;0;0;0;0;;;0;0;0;0;0;;;;;;-1;-1;-1;-1;0;0;;0;1;4026531840;0;0;0;0;0;1;0;0;;;;;;;;;;;;System.Byte[];1;0;;;1;1;0;-16777216;4026531840;0;1019;;;;;;;;;;;;;;;;0;0;0;0;;;;
7LED_KANAL_R;;LED KANALICA RAZNA;;;8;56;;;;4LED-KAN_R;;1;0;5;0;;0;0;0;0;0;;;0;0;0;0;0;;;0;0;0;0;0;;;0;0;0;0;0;;;;;;-1;-1;-1;-1;0;0;;0;5;4026531840;0;0;0;0;0;1;0;0;;;;;System.Byte[];;;;;;;System.Byte[];1;0;;;1;1;1;-16777216;4026531840;0;1135;0;0;0;0;;;;;;;;;;;;1;1;0;1;;;;
7LED_TRAKA_R;;LED TRAKA RAZNA;;;8;56;;;;4LED-TRA_R;;1;0;2,5;0;;0;0;0;0;0;;;0;0;0;0;0;;;0;0;0;0;0;;;0;0;0;0;0;;;;;;-1;-1;-1;-1;0;0;;0;5;4026531840;0;0;0;0;0;1;0;0;;;;;System.Byte[];;;;;;;System.Byte[];1;0;;;1;1;1;-16777216;4026531840;0;1136;0;0;0;0;;;;;;;;;;;;1;1;0;1;;;;
7ZL_OVJ;;ZIDNA LETVICA ZA OVJES;;;8;0;0;0;0;CA_875_AC_Z1_20_32;;1;0;0;0;;0;0;0;0;0;;;0;0;0;0;0;;;0;0;0;0;0;;;0;0;0;0;0;;;;;;-1;-1;-1;-1;0;0;;0;5;4026531840;0;0;0;0;0;1;0;0;;;;;;;;;;;;System.Byte[];1;0;;;1;1;1;-16777216;4026531840;0;1137;0;0;0;0;;;;;;;;;;;;1;1;0;1;;;;
1VEZUS;;VEZ UZDUŽNI STRAŽNJI;;;2;24;;;;1IL18;;1;0;18;0;4ABS10;1;0;0;0;0;;4ABS10;1;0;0;0;0;;4ABS10;1;0;0;0;0;;4ABS10;1;0;0;0;0;;;;;;0;0;0;0;0;0;;0;1;4026531840;0;0;0;0;0;1;1;0;;;;;;;;;;;;System.Byte[];1;0;;;1;1;1;-16777216;4026531840;0;1297;;;;;;;;;;;;;;;;1;1;0;1;;;;
4VRA4;;VRATA - kant 4;;;54;;;;;1IL18;;1;0;18;0;4ABS10;1;0;0;0;0;;4ABS10;1;0;0;0;0;;4ABS10;1;0;0;0;0;;4ABS10;1;0;0;0;0;;;;;;0;0;0;0;0;0;;0;1;4026531840;0;0;0;0;0;1;1;0;;;;;;;;;;;;System.Byte[];1;0;;;1;1;1;-16777216;4026531840;0;1138;;;;;;;;;;;;;;;;1;1;0;1;;;;
2PREGH4;;PREGRADA HORIZONTALNA - kant 4;;;54;;;;;1IL18;;1;0;18;0;4ABS10;1;0;0;0;0;;4ABS10;1;0;0;0;0;;4ABS10;1;0;0;0;0;;4ABS10;1;0;0;0;0;;;;;;0;0;1;0;0;0;;0;1;4026531840;0;0;0;0;0;1;1;0;;;;;;;;;;;;System.Byte[];1;0;;;1;1;1;-16777216;4026531840;0;1139;;;;;;;;;;;;;;;;1;1;0;1;;;;
2PREGV4;;PREGRADA VERTIKALNA- kant 4;;;54;;;;;1IL18;;1;0;18;0;4ABS10;1;0;0;0;0;;;0;0;0;0;0;;;0;0;0;0;0;;;0;0;0;0;0;;;;;;0;0;-1;-1;0;0;;0;1;4026531840;0;0;0;0;0;1;1;0;;;;;;;;;;;;System.Byte[];1;0;;;1;1;1;-16777216;4026531840;0;1140;;;;;;;;;;;;;;;;1;1;0;1;;;;
5PODG4;;PODNOŽJE GORE - kant 4;;;54;;;;;1IL18;;1;0;18;0;4ABS10;1;0;0;0;0;;4ABS10;1;0;0;0;0;;4ABS10;1;0;0;0;0;;4ABS10;1;0;0;0;0;;;;;;0;0;0;0;0;0;;0;1;4026531840;0;0;0;0;0;1;1;0;;;;;;;;;;;;System.Byte[];1;0;;;1;1;1;-16777216;4026531840;0;1141;;;;;;;;;;;;;;;;1;1;0;1;;;;
4CEL4;;ČELO LADICE - kant 4;;;54;;;;;1IL18F;;1;0;18;0;4ABS10;1;0;0;0;0;;4ABS10;1;0;0;0;0;;4ABS10;1;0;0;0;0;;4ABS10;1;0;0;0;0;;;;;;0;0;0;0;0;0;;0;1;4026531840;0;0;0;0;0;1;1;0;;;;;;;;;;;;System.Byte[];1;0;;;1;1;1;-16777216;4026531840;0;1145;;;;;;;;;;;;;;;;1;1;0;1;;;;
4MAS4;;MASKA - kant 4;;;54;;;;;1IL18;;1;0;18;0;4ABS10;1;0;0;0;0;;4ABS10;1;0;0;0;0;;4ABS10;1;0;0;0;0;;4ABS10;1;0;0;0;0;;;;;;0;0;0;0;0;0;;0;1;4026531840;0;0;0;0;0;1;1;0;;;;;;;;;;;;System.Byte[];1;0;;;1;1;1;-16777216;4026531840;0;1146;;;;;;;;;;;;;;;;1;1;0;1;;;;
5PODN4;;PODNOŽJE NAPRIJED - kant 4;;;54;;;;;1IL18;;1;0;18;0;4ABS10;1;0;0;0;0;;4ABS10;1;0;0;0;0;;4ABS10;1;0;0;0;0;;4ABS10;1;0;0;0;0;;;;;;0;0;0;0;0;0;;0;1;4026531840;0;0;0;0;0;1;1;0;;;;;;;;;;;;System.Byte[];1;0;;;1;1;1;-16777216;4026531840;0;1142;;;;;;;;;;;;;;;;1;1;0;1;;;;
5PODZ4;;PODNOŽJE STRAGA - kant 4;;;54;;;;;1IL18;;1;0;18;0;4ABS10;1;0;0;0;0;;4ABS10;1;0;0;0;0;;4ABS10;1;0;0;0;0;;4ABS10;1;0;0;0;0;;;;;;0;0;1;1;0;0;;0;1;4026531840;0;0;0;0;0;1;1;0;;;;;;;;;;;;System.Byte[];1;0;;;1;1;1;-16777216;4026531840;0;1143;;;;;;;;;;;;;;;;1;1;0;1;;;;
5PODB4;;PODNOŽJE BOČNO - kant 4;;;54;;;;;1IL18;;1;0;18;0;4ABS10;1;0;0;0;0;;4ABS10;1;0;0;0;0;;4ABS10;1;0;0;0;0;;4ABS10;1;0;0;0;0;;;;;;0;0;1;1;0;0;;0;1;4026531840;0;0;0;0;0;1;1;0;;;;;;;;;;;;System.Byte[];1;0;;;1;1;1;-16777216;4026531840;0;1144;;;;;;;;;;;;;;;;1;1;0;1;;;;
4VRAOM4;;VRATA OBLOGA  - masiv kant 4;;;54;;;;;1IV16;;1;0;16;0;4MAS08;8;0;0;1;0;;4MAS08;8;0;0;1;0;;4MAS08;8;0;0;1;0;;4MAS08;8;0;0;1;0;;1UT_B1;1UT_B1;;;0;0;0;0;0;0;;0;1;4026531840;0;0;0;0;0;1;1;0;;;;;;;;;;;;System.Byte[];1;0;;;1;1;1;-16777216;4026531840;0;1147;;;;;;;;;;;;;;;;1;1;0;1;;;;
1STRFF4;;STRANICA FURNIR - kant furnir 4;;;54;;;;;1IV18;;1;0;18;0;4FRT10;1;0;0;0;0;;4FRT10;1;0;0;0;0;;4FRT10;1;0;0;0;0;;4FRT10;1;0;0;0;0;;2_LICE1;2_NAL1;8LAK-2X;8LAK-2X;0;0;0;0;0;0;;0;1;4026531840;0;0;0;0;0;1;1;0;;;;;;;;;;;;System.Byte[];1;0;;;1;1;1;-16777216;4026531840;0;1148;;;;;;;;;;;;;;;;1;1;0;1;;;;
1STRFM4;;STRANICA FURNIR - kant masiv 4;;;54;;;;;1IV18;;1;0;18;0;3MAS;10;0;0;1;0;;3MAS;10;0;0;1;0;;3MAS;10;0;0;1;0;;3MAS;10;0;0;1;0;;2_LICE1;2_NAL1;8LAK-2X;8LAK-2X;2;2;2;2;0;0;;0;1;4026531840;0;0;0;0;0;1;1;0;;;;;;;;;;;;System.Byte[];1;0;;;1;1;1;-16777216;4026531840;0;1149;;;;;;;;;;;;;;;;1;1;0;1;;;;
1VEZV4;;VEZ VERTIKALNI - kant 4;;;54;;;;;1IL18;;1;0;18;0;4ABS10;1;0;0;0;0;;4ABS10;1;0;0;0;0;;4ABS10;1;0;0;0;0;;4ABS10;1;0;0;0;0;;;;;;0;0;0;0;0;0;;0;1;4026531840;0;0;0;0;0;1;0;0;;;;;;;;;;;;System.Byte[];1;0;;;1;1;1;-16777216;4026531840;0;1150;;;;;;;;;;;;;;;;1;1;0;1;;;;
7OBLFF4;;OBLOGA FURNIR - kant furnir 4;;;2;51;;;;1IL18;;1;0;18;0;4FRT10;1;0;0;0;0;;4FRT10;1;0;0;0;0;;4FRT10;1;0;0;0;0;;4FRT10;1;0;0;0;0;;;;;;0;0;0;0;0;0;;0;1;4026531840;0;0;0;0;0;1;1;0;;;;;;;;;;;;System.Byte[];1;0;;;1;1;1;-16777216;4026531840;0;1151;;;;;;;;;;;;;;;;1;1;0;1;;;;
9VJES_PAL_NOS;;NOSAČ PALICE ZA VJEŠANJE;;;97;104;0;0;0;9PALICA_NOSAC;;1;0;0;0;;0;0;0;0;0;;;0;0;0;0;0;;;0;0;0;0;0;;;0;0;0;0;0;;;;;;-1;-1;-1;-1;0;0;;0;4026531840;4026531840;0;0;0;0;0;1;0;0;;;;;;;;;;;;System.Byte[];1;0;;;1;1;1;-16777216;4026531840;0;1159;0;0;0;0;;;;;;;;;;;;1;1;0;1;;;;
5PODNL;;PODNOŽJE LIJEVO;;;6;57;;;;VO_BIJELI_MAT_COKUL150;;1;0;13;0;4ABS10;1;0;0;0;0;;4ABS10;1;0;0;0;0;;4ABS10;1;0;0;0;0;;4ABS10;1;0;0;0;0;;;;;;0;0;0;0;0;;;0;1;4026531840;0;0;0;0;0;1;1;0;;;;;;;;;;;;System.Byte[];1;0;;;1;1;1;-16777216;4026531840;0;1249;;;;;;;;;;;;;;;;1;1;0;1;;;;
Z_BRAVARIJA;;BRAVARIJA ;;;12;;;;;9D;;1;0;1;0;;0;0;0;0;0;;;0;0;0;0;0;;;0;0;0;0;0;;;0;0;0;0;0;;;;;;-1;-1;-1;-1;0;0;;0;65535;255;0;0;0;0;0;1;0;0;;;;;;;;;;;;System.Byte[];1;0;;;1;1;0;-16777216;4026531840;0;1160;;;;;Profili\Dovratnik - falc.MAC;;;;;;;;;;;0;0;0;0;;;;
4OPOP_AL_AV2;;POPREČNICA OKVIRA AL-AV2 VOLPATO;;;1;26;28;30;0;VO_80_21_50;;1;0;20,7;0;;0;0;0;0;0;;;0;0;0;0;0;;;0;0;0;0;0;;;0;0;0;0;0;;;;;;-1;-1;-1;-1;0;0;;0;1;4026531840;0;0;0;0;0;1;0;0;;;;;System.Byte[];;;;;;;System.Byte[];1;0;;;1;1;0;-16777216;4026531840;0;1161;0;0;0;0;;;;;;;;;;;;0;0;0;0;;;;
5PODNL_FF;;PODNOŽJE LIJEVO FURNIR - kant furnir;;;6;58;;;;1IV18;;1;0;18;0;4FRT10;1;0;0;0;0;;4FRT10;1;0;0;0;0;;4FRT10;1;0;0;0;0;;4FRT10;1;0;0;0;0;;2_LICE1;2_NAL1;8LAK-2X;8LAK-2X;0;0;0;0;0;0;;0;1;4026531840;0;0;0;0;0;1;1;0;;;;;;;;;;;;System.Byte[];1;0;;;1;1;1;-16777216;4026531840;0;1250;;;;;;;;;;;;;;;;1;1;0;1;;;;
5PODNL_FM;;PODNOŽJE LIJEVO FURNIR - kant masiv;;;6;58;;;;1IV18;;1;0;18;0;3MAS;10;0;0;1;0;;3MAS;10;0;0;1;0;;3MAS;10;0;0;1;0;;3MAS;10;0;0;1;0;;2_LICE1;2_NAL1;8LAK-2X;8LAK-2X;2;2;2;2;0;0;;0;1;4026531840;0;0;0;0;0;1;1;0;;;;;;;;;;;;System.Byte[];1;0;;;1;1;1;-16777216;4026531840;0;1251;;;;;;;;;;;;;;;;1;1;0;1;;;;
4OUZD_AL_AV2;;UZDUŽNICA OKVIRA AL-AV2 VOLPATO;;;1;26;28;30;0;VO_80_21_50;;1;0;20,7;0;;0;0;0;0;0;;;0;0;0;0;0;;;0;0;0;0;0;;;0;0;0;0;0;;;;;;-1;-1;-1;-1;0;0;;0;1;4026531840;0;0;0;0;0;1;0;0;;;;;System.Byte[];;;;;;;System.Byte[];1;0;;;1;1;0;-16777216;4026531840;0;1162;0;0;0;0;;;;;;;;;;;;0;0;0;0;;;;
3LAD_DL;;LADICE DISTANČNA LETVA;;;4;;;;;1IL25;;1;0;25;0;4ABS10;1;0;0;0;0;;4ABS10;1;0;0;0;0;;4ABS10;1;0;0;0;0;;4ABS10;1;0;0;0;0;;;;;;0;0;0;0;0;0;;0;1;4026531840;0;0;0;0;0;1;1;0;;;;;;;;;;;;System.Byte[];1;0;;;1;1;1;-16777216;4026531840;0;1163;;;;;;;;;;;;;;;;1;1;0;1;;;;
3IZVL_POL;;IZVLAČNA POLICA;;;5;;;;;1IL25;;1;0;25;0;4ABS10;1;0;0;0;0;;4ABS10;1;0;0;0;0;;4ABS10;1;0;0;0;0;;4ABS10;1;0;0;0;0;;;;;;1;1;1;1;0;0;;0;5;4026531840;0;0;0;0;0;1;1;0;;;;;;;;;;;;System.Byte[];1;0;;;1;1;1;-16777216;4026531840;0;1164;;;;;;;;;;;;;;;;1;1;0;1;;;;
5PODNL_MAS;;PODNOŽJE LIJEVO MASIV;;;6;59;;;;1MP18;;1;0;18;0;;0;0;0;0;0;;;0;0;0;0;0;;;0;0;0;0;0;;;0;0;0;0;0;;;;;;-1;-1;-1;-1;0;0;;0;1;4026531840;0;0;0;0;0;1;1;0;;;;;;;;;;;;System.Byte[];1;0;;;1;1;1;-16777216;4026531840;0;1252;;;;;;;;;;;;;;;;1;1;0;1;;;;
5PODNL_MDF;;PODNOŽJE LIJEVO MDF;;;6;60;;;;1MDF18;;1;0;18;0;;0;0;0;0;0;;;0;0;0;0;0;;;0;0;0;0;0;;;0;0;0;0;0;;;;8LAK-2X;8LAK-2X;-1;-1;-1;-1;0;0;;0;1;4026531840;0;0;0;0;0;1;0;0;;;;;;;;;;;;System.Byte[];1;0;;;1;1;0;-16777216;4026531840;0;1253;;;;;;;;;;;;;;;;0;0;0;0;;;;
5PODNP;;PODNOŽJE PREDNJE;;;6;57;;;;VO_BIJELI_MAT_COKUL150;;1;0;13;0;;;0;0;0;0;;;;0;0;0;0;;;;0;0;0;0;;;1;0;0;0;0;;;;;;-1;-1;-1;-1;0;;;0;1;4026531840;0;0;0;0;0;1;1;0;;;;;;;;;;;;System.Byte[];1;0;;;1;1;1;-16777216;4026531840;0;1254;;;;;;;;;;;;;;;;1;1;0;1;;;;
5PODNP_FF;;PODNOŽJE PREDNJE FURNIR - kant furnir;;;6;58;;;;1IV18;;1;0;18;0;4FRT10;1;0;0;0;0;;4FRT10;1;0;0;0;0;;4FRT10;1;0;0;0;0;;4FRT10;1;0;0;0;0;;2_LICE1;2_NAL1;8LAK-2X;8LAK-2X;0;0;0;0;0;0;;0;1;4026531840;0;0;0;0;0;1;1;0;;;;;;;;;;;;System.Byte[];1;0;;;1;1;1;-16777216;4026531840;0;1255;;;;;;;;;;;;;;;;1;1;0;1;;;;
5PODNP_FM;;PODNOŽJE PREDNJE FURNIR - kant masiv;;;6;58;;;;1IV18;;1;0;18;0;3MAS;10;0;0;1;0;;3MAS;10;0;0;1;0;;3MAS;10;0;0;1;0;;3MAS;10;0;0;1;0;;2_LICE1;2_NAL1;8LAK-2X;8LAK-2X;2;2;2;2;0;0;;0;1;4026531840;0;0;0;0;0;1;1;0;;;;;;;;;;;;System.Byte[];1;0;;;1;1;1;-16777216;4026531840;0;1256;;;;;;;;;;;;;;;;1;1;0;1;;;;
1VEZUD;;VEZ UZDUŽNI DONJI;;;2;24;;;;1IL18;;1;0;18;0;4ABS10;1;0;0;0;0;;4ABS10;1;0;0;0;0;;4ABS10;1;0;0;0;0;;4ABS10;1;0;0;0;0;;;;;;0;0;0;0;0;0;;0;1;4026531840;0;0;0;0;0;1;1;0;;;;;;;;;;;;System.Byte[];1;0;;;1;1;1;-16777216;4026531840;0;1298;;;;;;;;;;;;;;;;1;1;0;1;;;;
3LADPOD_FF;;LADICA POD FURNIR - kant furnir;;;4;;;;;1IV18;;1;0;18;0;4FRT10;1;0;0;0;0;;4FRT10;1;0;0;0;0;;4FRT10;1;0;0;0;0;;4FRT10;1;0;0;0;0;;2_LICE1;2_NAL1;8LAK-2X;8LAK-2X;0;0;0;0;0;;;0;1;4026531840;0;0;0;0;0;1;1;0;;;;;;;;;;;;System.Byte[];1;0;;;1;1;1;-16777216;4026531840;0;1257;;;;;;;;;;;;;;;;1;1;0;1;;;;
3LADPOD_MAS;;LADICA POD MASIV;;;4;;;;;1MP18;;1;0;18;0;;0;0;0;0;0;;;0;0;0;0;0;;;0;0;0;0;0;;;0;0;0;0;0;;;;;;-1;-1;-1;-1;0;0;;0;1;4026531840;0;0;0;0;0;1;1;0;;;;;;;;;;;;System.Byte[];1;0;;;1;1;1;-16777216;4026531840;0;1258;;;;;;;;;;;;;;;;1;1;0;1;;;;
3LADPOD_MDF;;LADICA POD MDF;;;4;;;;;1MDF18;;1;0;18;0;;0;0;0;0;0;;;0;0;0;0;0;;;0;0;0;0;0;;;0;0;0;0;0;;;;;;-1;-1;-1;-1;0;0;;0;1;4026531840;0;0;0;0;0;1;1;0;;;;;;;;;;;;System.Byte[];1;0;;;1;1;1;-16777216;4026531840;0;1259;;;;;;;;;;;;;;;;1;1;0;1;;;;
3LADPR_MDF;;LADICA PREDNJI MDF;;;4;;;;;1MDF18;;1;0;18;0;;0;0;0;0;0;;;0;0;0;0;0;;;0;0;0;0;0;;;0;0;0;0;0;;;;;;-1;-1;-1;-1;0;0;;0;1;4026531840;0;0;0;0;0;1;1;0;;;;;;;;;;;;System.Byte[];1;0;;;1;1;1;-16777216;4026531840;0;1262;;;;;;;;;;;;;;;;1;1;0;1;;;;
3LADPR_FF;;LADICA PREDNJI FURNIR - kant furnir;;;4;;;;;1IV18;;1;0;18;0;4FRT10;1;0;0;0;0;;4FRT10;1;0;0;0;0;;4FRT10;1;0;0;0;0;;4FRT10;1;0;0;0;0;;2_LICE1;2_NAL1;8LAK-2X;8LAK-2X;0;0;0;0;0;0;;0;1;4026531840;0;0;0;0;0;1;1;0;;;;;;;;;;;;System.Byte[];1;0;;;1;1;1;-16777216;4026531840;0;1260;;;;;;;;;;;;;;;;1;1;0;1;;;;
3LADPRZAD_FF;;LADICA PREDNJI-ZADNJI FURNIR - kant furnir;;;4;;;;;1IV18;;1;0;18;0;4FRT10;1;0;0;0;0;;4FRT10;1;0;0;0;0;;4FRT10;1;0;0;0;0;;4FRT10;1;0;0;0;0;;2_LICE1;2_NAL1;8LAK-2X;8LAK-2X;0;0;0;0;0;0;;0;1;4026531840;0;0;0;0;0;1;1;0;;;;;;;;;;;;System.Byte[];1;0;;;1;1;1;-16777216;4026531840;0;1263;;;;;;;;;;;;;;;;1;1;0;1;;;;
3LADPRZAD_MAS;;LADICA PREDNJI-ZADNJI MASIV;;;4;;;;;1MP18;;1;0;18;0;;0;0;0;0;0;;;0;0;0;0;0;;;0;0;0;0;0;;;0;0;0;0;0;;;;;;-1;-1;-1;-1;0;0;;0;1;4026531840;0;0;0;0;0;1;1;0;;;;;;;;;;;;System.Byte[];1;0;;;1;1;1;-16777216;4026531840;0;1264;;;;;;;;;;;;;;;;1;1;0;1;;;;
3LADPRZAD_MDF;;LADICA PREDNJI-ZADNJI MDF;;;4;;;;;1MDF18;;1;0;18;0;;0;0;0;0;0;;;0;0;0;0;0;;;0;0;0;0;0;;;0;0;0;0;0;;;;;;-1;-1;-1;-1;0;0;;0;1;4026531840;0;0;0;0;0;1;1;0;;;;;;;;;;;;System.Byte[];1;0;;;1;1;1;-16777216;4026531840;0;1265;;;;;;;;;;;;;;;;1;1;0;1;;;;
3LADSTRD_FF;;LADICA STRANICA DESNA FURNIR - kant furnir;;;4;;;;;1IV18;;1;0;18;0;4FRT10;1;0;0;0;0;;4FRT10;1;0;0;0;0;;4FRT10;1;0;0;0;0;;4FRT10;1;0;0;0;0;;2_LICE1;2_NAL1;8LAK-2X;8LAK-2X;0;0;0;0;0;0;;0;1;4026531840;0;0;0;0;0;1;1;0;;;;;;;;;;;;System.Byte[];1;0;;;1;1;1;-16777216;4026531840;0;1266;;;;;;;;;;;;;;;;1;1;0;1;;;;
3LADSTRD_MAS;;LADICA STRANICA DESNA MASIV;;;4;;;;;1MP18;;1;0;18;0;;0;0;0;0;0;;;0;0;0;0;0;;;0;0;0;0;0;;;0;0;0;0;0;;;;;;-1;-1;-1;-1;0;0;;0;1;4026531840;0;0;0;0;0;1;1;0;;;;;;;;;;;;System.Byte[];1;0;;;1;1;1;-16777216;4026531840;0;1267;;;;;;;;;;;;;;;;1;1;0;1;;;;
3LADSTRD_MDF;;LADICA STRANICA DESNA MDF;;;4;;;;;1MDF18;;1;0;18;0;;0;0;0;0;0;;;0;0;0;0;0;;;0;0;0;0;0;;;0;0;0;0;0;;;;;;-1;-1;-1;-1;0;0;;0;1;4026531840;0;0;0;0;0;1;1;0;;;;;;;;;;;;System.Byte[];1;0;;;1;1;1;-16777216;4026531840;0;1268;;;;;;;;;;;;;;;;1;1;0;1;;;;
3LADSTRL_FF;;LADICA STRANICA LIJEVA FURNIR - kant furnir;;;4;;;;;1IV18;;1;0;18;0;4FRT10;1;0;0;0;0;;4FRT10;1;0;0;0;0;;4FRT10;1;0;0;0;0;;4FRT10;1;0;0;0;0;;2_LICE1;2_NAL1;8LAK-2X;8LAK-2X;0;0;0;0;0;0;;0;1;4026531840;0;0;0;0;0;1;1;0;;;;;;;;;;;;System.Byte[];1;0;;;1;1;1;-16777216;4026531840;0;1269;;;;;;;;;;;;;;;;1;1;0;1;;;;
3LADSTRL_MAS;;LADICA STRANICA LIJEVA MASIV;;;4;;;;;1MP18;;1;0;18;0;;0;0;0;0;0;;;0;0;0;0;0;;;0;0;0;0;0;;;0;0;0;0;0;;;;;;-1;-1;-1;-1;0;0;;0;1;4026531840;0;0;0;0;0;1;1;0;;;;;;;;;;;;System.Byte[];1;0;;;1;1;1;-16777216;4026531840;0;1270;;;;;;;;;;;;;;;;1;1;0;1;;;;
3LADSTRL_MDF;;LADICA STRANICA LIJEVA MDF;;;4;;;;;1MDF18;;1;0;18;0;;0;0;0;0;0;;;0;0;0;0;0;;;0;0;0;0;0;;;0;0;0;0;0;;;;;;-1;-1;-1;-1;0;0;;0;1;4026531840;0;0;0;0;0;1;1;0;;;;;;;;;;;;System.Byte[];1;0;;;1;1;1;-16777216;4026531840;0;1271;;;;;;;;;;;;;;;;1;1;0;1;;;;
3LADZAD_FF;;LADICA ZADNJI FURNIR - kant furnir;;;4;;;;;1IV18;;1;0;18;0;4FRT10;1;0;0;0;0;;4FRT10;1;0;0;0;0;;4FRT10;1;0;0;0;0;;4FRT10;1;0;0;0;0;;2_LICE1;2_NAL1;8LAK-2X;8LAK-2X;0;0;0;0;0;0;;0;1;4026531840;0;0;0;0;0;1;1;0;;;;;;;;;;;;System.Byte[];1;0;;;1;1;1;-16777216;4026531840;0;1272;;;;;;;;;;;;;;;;1;1;0;1;;;;
3LADZAD_MAS;;LADICA ZADNJI MASIV;;;4;;;;;1MP18;;1;0;18;0;;0;0;0;0;0;;;0;0;0;0;0;;;0;0;0;0;0;;;0;0;0;0;0;;;;;;-1;-1;-1;-1;0;0;;0;1;4026531840;0;0;0;0;0;1;1;0;;;;;;;;;;;;System.Byte[];1;0;;;1;1;1;-16777216;4026531840;0;1273;;;;;;;;;;;;;;;;1;1;0;1;;;;
3LADZAD_MDF;;LADICA ZADNJI MDF;;;4;;;;;1MDF18;;1;0;18;0;;0;0;0;0;0;;;0;0;0;0;0;;;0;0;0;0;0;;;0;0;0;0;0;;;;;;-1;-1;-1;-1;0;0;;0;1;4026531840;0;0;0;0;0;1;1;0;;;;;;;;;;;;System.Byte[];1;0;;;1;1;1;-16777216;4026531840;0;1274;;;;;;;;;;;;;;;;1;1;0;1;;;;
5PODNP_MAS;;PODNOŽJE PREDNJE MASIV;;;6;59;;;;1MP18;;1;0;18;0;;0;0;0;0;0;;;0;0;0;0;0;;;0;0;0;0;0;;;0;0;0;0;0;;;;;;-1;-1;-1;-1;0;0;;0;1;4026531840;0;0;0;0;0;1;1;0;;;;;;;;;;;;System.Byte[];1;0;;;1;1;1;-16777216;4026531840;0;1275;;;;;;;;;;;;;;;;1;1;0;1;;;;
1VEZPS;;VEZ POPREČNI STRAŽNJI;;;2;24;;;;1IL18;;1;0;18;0;4ABS10;1;0;0;0;0;;4ABS10;1;0;0;0;0;;4ABS10;1;0;0;0;0;;4ABS10;1;0;0;0;0;;;;;;0;0;0;0;0;0;;0;1;4026531840;0;0;0;0;0;1;1;0;;;;;;;;;;;;System.Byte[];1;0;;;1;1;1;-16777216;4026531840;0;1302;;;;;;;;;;;;;;;;1;1;0;1;;;;
5PODNP_MDF;;PODNOŽJE PREDNJE MDF;;;6;60;;;;1MDF18;;1;0;18;0;;0;0;0;0;0;;;0;0;0;0;0;;;0;0;0;0;0;;;0;0;0;0;0;;;;8LAK-2X;8LAK-2X;-1;-1;-1;-1;0;0;;0;1;4026531840;0;0;0;0;0;1;0;0;;;;;;;;;;;;System.Byte[];1;0;;;1;1;0;-16777216;4026531840;0;1276;;;;;;;;;;;;;;;;0;0;0;0;;;;
5PODNZ;;PODNOŽJE ZADNJE;;;6;57;;;;1IL18;;1;0;18;0;4ABS10;1;0;0;0;0;;4ABS10;1;0;0;0;0;;4ABS10;1;0;0;0;0;;4ABS10;1;0;0;0;0;;;;;;0;0;0;0;0;0;;0;1;4026531840;0;0;0;0;0;1;1;0;;;;;;;;;;;;System.Byte[];1;0;;;1;1;1;-16777216;4026531840;0;1277;;;;;;;;;;;;;;;;1;1;0;1;;;;
5PODNZ_FF;;PODNOŽJE ZADNJE FURNIR - kant furnir;;;6;58;;;;1IV18;;1;0;18;0;4FRT10;1;0;0;0;0;;4FRT10;1;0;0;0;0;;4FRT10;1;0;0;0;0;;4FRT10;1;0;0;0;0;;2_LICE1;2_NAL1;8LAK-2X;8LAK-2X;0;0;0;0;0;0;;0;1;4026531840;0;0;0;0;0;1;1;0;;;;;;;;;;;;System.Byte[];1;0;;;1;1;1;-16777216;4026531840;0;1278;;;;;;;;;;;;;;;;1;1;0;1;;;;
5PODNZ_FM;;PODNOŽJE ZADNJE FURNIR - kant masiv;;;6;58;;;;1IV18;;1;0;18;0;3MAS;10;0;0;1;0;;3MAS;10;0;0;1;0;;3MAS;10;0;0;1;0;;3MAS;10;0;0;1;0;;2_LICE1;2_NAL1;8LAK-2X;8LAK-2X;2;2;2;2;0;0;;0;1;4026531840;0;0;0;0;0;1;1;0;;;;;;;;;;;;System.Byte[];1;0;;;1;1;1;-16777216;4026531840;0;1279;;;;;;;;;;;;;;;;1;1;0;1;;;;
5PODNZ_MAS;;PODNOŽJE ZADNJE MASIV;;;6;59;;;;1MP18;;1;0;18;0;;0;0;0;0;0;;;0;0;0;0;0;;;0;0;0;0;0;;;0;0;0;0;0;;;;;;-1;-1;-1;-1;0;0;;0;1;4026531840;0;0;0;0;0;1;1;0;;;;;;;;;;;;System.Byte[];1;0;;;1;1;1;-16777216;4026531840;0;1280;;;;;;;;;;;;;;;;1;1;0;1;;;;
5PODNZ_MDF;;PODNOŽJE ZADNJE MDF;;;6;60;;;;1MDF18;;1;0;18;0;;0;0;0;0;0;;;0;0;0;0;0;;;0;0;0;0;0;;;0;0;0;0;0;;;;8LAK-2X;8LAK-2X;-1;-1;-1;-1;0;0;;0;1;4026531840;0;0;0;0;0;1;0;0;;;;;;;;;;;;System.Byte[];1;0;;;1;1;0;-16777216;4026531840;0;1281;;;;;;;;;;;;;;;;0;0;0;0;;;;
5PODNG;;PODNOŽJE GORNJE;;;6;57;;;;1IL18;;1;0;18;0;4ABS10;1;0;0;0;0;;4ABS10;1;0;0;0;0;;4ABS10;1;0;0;0;0;;4ABS10;1;0;0;0;0;;;;;;0;0;0;0;0;0;;0;1;4026531840;0;0;0;0;0;1;1;0;;;;;;;;;;;;System.Byte[];1;0;;;1;1;1;-16777216;4026531840;0;1282;;;;;;;;;;;;;;;;1;1;0;1;;;;
5PODNG_FF;;PODNOŽJE GORNJE FURNIR - kant furnir;;;6;58;;;;1IV18;;1;0;18;0;4FRT10;1;0;0;0;0;;4FRT10;1;0;0;0;0;;4FRT10;1;0;0;0;0;;4FRT10;1;0;0;0;0;;2_LICE1;2_NAL1;8LAK-2X;8LAK-2X;0;0;0;0;0;0;;0;1;4026531840;0;0;0;0;0;1;1;0;;;;;;;;;;;;System.Byte[];1;0;;;1;1;1;-16777216;4026531840;0;1283;;;;;;;;;;;;;;;;1;1;0;1;;;;
5PODNG_FM;;PODNOŽJE GORNJE  FURNIR - kant masiv;;;6;58;;;;1IV18;;1;0;18;0;3MAS;10;0;0;1;0;;3MAS;10;0;0;1;0;;3MAS;10;0;0;1;0;;3MAS;10;0;0;1;0;;2_LICE1;2_NAL1;8LAK-2X;8LAK-2X;2;2;2;2;0;0;;0;1;4026531840;0;0;0;0;0;1;1;0;;;;;;;;;;;;System.Byte[];1;0;;;1;1;1;-16777216;4026531840;0;1284;;;;;;;;;;;;;;;;1;1;0;1;;;;
5PODNG_MAS;;PODNOŽJE GORNJE MASIV;;;6;59;;;;1MP18;;1;0;18;0;;0;0;0;0;0;;;0;0;0;0;0;;;0;0;0;0;0;;;0;0;0;0;0;;;;;;-1;-1;-1;-1;0;0;;0;1;4026531840;0;0;0;0;0;1;1;0;;;;;;;;;;;;System.Byte[];1;0;;;1;1;1;-16777216;4026531840;0;1285;;;;;;;;;;;;;;;;1;1;0;1;;;;
5PODNG_MDF;;PODNOŽJE GORNJE MDF;;;6;60;;;;1MDF18;;1;0;18;0;;0;0;0;0;0;;;0;0;0;0;0;;;0;0;0;0;0;;;0;0;0;0;0;;;;8LAK-2X;8LAK-2X;-1;-1;-1;-1;0;0;;0;1;4026531840;0;0;0;0;0;1;0;0;;;;;;;;;;;;System.Byte[];1;0;;;1;1;0;-16777216;4026531840;0;1286;;;;;;;;;;;;;;;;0;0;0;0;;;;
5PODNS;;PODNOŽJE SREDNJE;;;6;57;;;;1IL18;;1;0;18;0;4ABS10;1;0;0;0;0;;4ABS10;1;0;0;0;0;;4ABS10;1;0;0;0;0;;4ABS10;1;0;0;0;0;;;;;;0;0;0;0;0;0;;0;1;4026531840;0;0;0;0;0;1;1;0;;;;;;;;;;;;System.Byte[];1;0;;;1;1;1;-16777216;4026531840;0;1287;;;;;;;;;;;;;;;;1;1;0;1;;;;
5PODNS_FF;;PODNOŽJE SREDNJE FURNIR - kant furnir;;;6;58;;;;1IV18;;1;0;18;0;4FRT10;1;0;0;0;0;;4FRT10;1;0;0;0;0;;4FRT10;1;0;0;0;0;;4FRT10;1;0;0;0;0;;2_LICE1;2_NAL1;8LAK-2X;8LAK-2X;0;0;0;0;0;0;;0;1;4026531840;0;0;0;0;0;1;1;0;;;;;;;;;;;;System.Byte[];1;0;;;1;1;1;-16777216;4026531840;0;1288;;;;;;;;;;;;;;;;1;1;0;1;;;;
5PODNS_FM;;PODNOŽJE SREDNJE FURNIR - kant masiv;;;6;58;;;;1IV18;;1;0;18;0;3MAS;10;0;0;1;0;;3MAS;10;0;0;1;0;;3MAS;10;0;0;1;0;;3MAS;10;0;0;1;0;;2_LICE1;2_NAL1;8LAK-2X;8LAK-2X;2;2;2;2;0;0;;0;1;4026531840;0;0;0;0;0;1;1;0;;;;;;;;;;;;System.Byte[];1;0;;;1;1;1;-16777216;4026531840;0;1289;;;;;;;;;;;;;;;;1;1;0;1;;;;
5PODNS_MAS;;PODNOŽJE SREDNJE MASIV;;;6;59;;;;1MP18;;1;0;18;0;;0;0;0;0;0;;;0;0;0;0;0;;;0;0;0;0;0;;;0;0;0;0;0;;;;;;-1;-1;-1;-1;0;0;;0;1;4026531840;0;0;0;0;0;1;1;0;;;;;;;;;;;;System.Byte[];1;0;;;1;1;1;-16777216;4026531840;0;1290;;;;;;;;;;;;;;;;1;1;0;1;;;;
5PODNS_MDF;;PODNOŽJE SREDNJE MDF;;;6;59;;;;1MDF18;;1;0;18;0;;0;0;0;0;0;;;0;0;0;0;0;;;0;0;0;0;0;;;0;0;0;0;0;;;;8LAK-2X;8LAK-2X;-1;-1;-1;-1;0;0;;0;1;4026531840;0;0;0;0;0;1;0;0;;;;;;;;;;;;System.Byte[];1;0;;;1;1;0;-16777216;4026531840;0;1291;;;;;;;;;;;;;;;;0;0;0;0;;;;
6RPLO;;RADNA PLOČA;;;7;;;;;EG_F187ST9_40;;1;0;38;0;;0;0;0;0;0;;4ABS10;1;0;0;0;0;;4ABS10;1;0;0;0;0;;4ABS10;1;0;0;0;0;;;;;;1;1;0;0;0;0;;0;1;4026531840;20;0;0;0;0;1;1;0;;;;;;;;;;;;System.Byte[];1;0;;;1;1;1;-16777216;4026531840;0;1292;;;;;;;;;;;;;;;;1;1;0;1;;;;
6RPLO_MAS;;RADNA PLOČA MASIV;;;7;;;;;3MAS40;;1;0;40;0;;0;0;0;0;0;;4ABS10;1;0;0;0;0;;4ABS10;1;0;0;0;0;;4ABS10;1;0;0;0;0;;;;;;1;1;0;0;0;0;;0;1;4026531840;20;0;0;0;0;1;1;0;;;;;;;;;;;;System.Byte[];1;0;;;1;1;1;-16777216;4026531840;0;1293;;;;;;;;;;;;;;;;1;1;0;1;;;;
1VEZVP;;VEZ VERTIKALNI PREDNJI;;;2;24;;;;1IL18;;1;0;18;0;4ABS10;1;0;0;0;0;;4ABS10;1;0;0;0;0;;4ABS10;1;0;0;0;0;;4ABS10;1;0;0;0;0;;;;;;0;0;0;0;0;0;;0;1;4026531840;0;0;0;0;0;1;1;0;;;;;;;;;;;;System.Byte[];1;0;;;1;1;1;-16777216;4026531840;0;1299;;;;;;;;;;;;;;;;1;1;0;1;;;;
1VEZVS;;VEZ VERTIKALNI STRAŽNJI;;;2;24;;;;1IL18;;1;0;18;0;4ABS10;1;0;0;0;0;;4ABS10;1;0;0;0;0;;4ABS10;1;0;0;0;0;;4ABS10;1;0;0;0;0;;;;;;0;0;0;0;0;0;;0;1;4026531840;0;0;0;0;0;1;1;0;;;;;;;;;;;;System.Byte[];1;0;;;1;1;1;-16777216;4026531840;0;1300;;;;;;;;;;;;;;;;1;1;0;1;;;;
8VD_H_01;;DOVRATNIK HORIZONTALNI MODEL 01;;;9;38;43;62;63;3MAS55;;1;0;55;0;;0;0;0;0;0;;;0;0;0;0;0;;;0;0;0;0;0;;;0;0;0;0;0;;;;8LAK-2X;8LAK-2X;-1;-1;-1;-1;0;;;0;5;4026531840;20;0;7;0;7;1;0;0;;;;;;;;;;;;System.Byte[];1;0;;;1;1;1;-16777216;4026531840;0;1359;;;;;;;;;;;;;;;;1;1;0;1;;;;
8VD_LS_P;;DOVRATNIK LETVICA STAKLA PODNA MODEL 01;;;9;38;43;62;63;3MAS12;;1;0;12;0;;0;0;0;0;0;;;0;0;0;0;0;;;0;0;0;0;0;;;0;0;0;0;0;;;;8LAK-2X;8LAK-2X;-1;-1;-1;-1;0;;;0;5;4026531840;0;0;0;0;0;1;0;0;;;;;;;Zamijeni širinu i debljinu;;;;;System.Byte[];1;0;;;1;1;1;-16777216;4026531840;0;1360;;;;;Profili\Vrata\Opsava prednja.MAC;;;;;;;;;;;1;1;0;1;;;;
8VD_LS_G;;DOVRATNIK LETVICA STAKLA GORNJA MODEL 01;;;9;38;43;62;63;3MAS12;;1;0;12;0;;0;0;0;0;0;;;0;0;0;0;0;;;0;0;0;0;0;;;0;0;0;0;0;;;;8LAK-2X;8LAK-2X;-1;-1;-1;-1;0;;;0;5;4026531840;0;0;0;0;0;1;0;0;;;;;;;Zamijeni širinu i debljinu;;;;;System.Byte[];1;0;;;1;1;1;-16777216;4026531840;0;1361;;;;;Profili\Vrata\Opsava prednja.MAC;;;;;;;;;;;1;1;0;1;;;;
8VD_LS_L;;DOVRATNIK LETVICA STAKLA LIJEVA MODEL 01;;;9;38;43;62;63;3MAS12;;1;0;12;0;;0;0;0;0;0;;;0;0;0;0;0;;;0;0;0;0;0;;;0;0;0;0;0;;;;8LAK-2X;8LAK-2X;-1;-1;-1;-1;0;;;0;5;4026531840;0;0;0;0;0;1;0;0;;;;;;;Zamijeni širinu i debljinu;;;;;System.Byte[];1;0;;;1;1;1;-16777216;4026531840;0;1362;;;;;Profili\Vrata\Opsava prednja.MAC;;;;;;;;;;;1;1;0;1;;;;
8VD_LS_D;;DOVRATNIK LETVICA STAKLA DESNA MODEL 01;;;9;38;43;62;63;3MAS12;;1;0;12;0;;0;0;0;0;0;;;0;0;0;0;0;;;0;0;0;0;0;;;0;0;0;0;0;;;;8LAK-2X;8LAK-2X;-1;-1;-1;-1;0;;;0;5;4026531840;0;0;0;0;0;1;0;0;;;;;;;Zamijeni širinu i debljinu;;;;;System.Byte[];1;0;;;1;1;1;-16777216;4026531840;0;1363;;;;;Profili\Vrata\Opsava prednja.MAC;;;;;;;;;;;1;1;0;1;;;;
8VD_LS_GS;;DOVRATNIK LETVICA STAKLA GORNJA STRAŽNJA MODEL 01;;;9;38;43;62;63;3MAS12;;1;0;12;0;;0;0;0;0;0;;;0;0;0;0;0;;;0;0;0;0;0;;;0;0;0;0;0;;;;8LAK-2X;8LAK-2X;-1;-1;-1;-1;0;;;0;5;4026531840;0;0;0;0;0;1;0;0;;;;;;;Zamijeni širinu i debljinu;;;;;System.Byte[];1;0;;;1;1;1;-16777216;4026531840;0;1364;;;;;Profili\Vrata\Opsava prednja.MAC;;;;;;;;;;;1;1;0;1;;;;
8VD_D_01_S;;DOVRATNIK DESNI MODEL 01 SENDVIČ;;;9;38;43;62;63;1IV28;;1;;28;;4MAS55;55;0;0;1;0;;4MAS55;55;0;0;1;0;;4MAS55;55;0;0;1;0;;4MAS55;55;0;0;1;0;;1MDF_04;1MDF_04;8BAR-A;8BAR-A;0;0;0;0;0;;;0;5;4026531840;20;0;7;0;7;1;0;0;;;;;;;;;;;;System.Byte[];1;0;;;1;1;1;-16777216;4026531840;0;1365;;;;;;;;;;;;;;;;1;1;0;1;;;;
STRL;;STRANICA LIJEVA;;;67;69;72;;;1IL18;;1;0;18;0;4ABS10;2;0;0;0;0;;4ABS10;2;0;0;0;0;;4ABS20;2;0;0;0;0;;4ABS20;2;0;0;0;0;;;;;;0;0;0;0;0;;;0;1;4026531840;0;0;0;0;0;1;1;0;;;;;;;;;;;;System.Byte[];1;0;;;1;1;1;-16777216;4026531840;0;1405;0;0;0;0;;;;;;;;;;;;1;1;0;1;;;;
8VD_D_01;;DOVRATNIK DESNI MODEL 01;;;9;38;43;62;63;3MAS40;;1;0;40;0;;0;0;0;0;0;;;0;0;0;0;0;;;0;0;0;0;0;;;0;0;0;0;0;;;;8LAK-2X;8LAK-1X;-1;-1;-1;-1;0;;;0;5;4026531840;20;0;7;0;7;1;0;0;;;;;;;;;;;;System.Byte[];1;0;;;1;1;1;-16777216;4026531840;0;1336;;;;;;;;;;;;;;;;1;1;0;1;;;;
8VD_G_01;;DOVRATNIK GORNJI MODEL 01;;;9;38;43;62;63;3MAS40;;1;0;40;0;;0;0;0;0;0;;;0;0;0;0;0;;;0;0;0;0;0;;;0;0;0;0;0;;;;8LAK-2X;8LAK-1X;-1;-1;-1;-1;0;;;0;5;4026531840;20;0;7;0;7;1;0;0;;;;;;;;;;;;System.Byte[];1;0;;;1;1;1;-16777216;4026531840;0;1337;;;;;;;;;;;;;;;;1;1;0;1;;;;
8VD_L_01;;DOVRATNIK LIJEVI MODEL 01;;;9;38;43;62;63;3MAS40;;1;0;40;0;;0;0;0;0;0;;;0;0;0;0;0;;;0;0;0;0;0;;;0;0;0;0;0;;;;8LAK-2X;8LAK-1X;-1;-1;-1;-1;0;;;0;5;4026531840;20;0;7;0;7;1;0;0;;;;;;;;;;;;System.Byte[];1;0;;;1;1;1;-16777216;4026531840;0;1338;;;;;;;;;;;;;;;;1;1;0;1;;;;
8VOP_D_01;;OPŠAV PREDNJI DESNI MODEL 01;;;9;38;43;62;63;3MAS20;;1;0;20;0;;0;0;0;0;0;;;0;0;0;0;0;;;0;0;0;0;0;;;0;0;0;0;0;;;;8LAK-2X;8LAK-1X;-1;-1;-1;-1;0;;;0;5;4026531840;0;0;0;0;0;1;0;0;;;;;;;Zamijeni širinu i debljinu;;;;;System.Byte[];1;0;;;1;1;1;-16777216;4026531840;0;1339;;;;;Profili\Vrata\Opsava prednja.MAC;;;;;;;;;;;1;1;0;1;;;;
8VD_D_01_SF;;DOVRATNIK DESNI MODEL 01 SENDVIČ FURNIR;;;9;38;43;62;63;1IV28;;1;;28;;4MAS55;55;0;0;1;0;;4MAS55;55;0;0;1;0;;4MAS55;55;0;0;1;0;;4MAS55;55;0;0;1;0;;1MDF_04;1MDF_04;8LAK-2X;8LAK-1X;0;0;0;0;0;;;0;5;4026531840;20;0;7;0;7;1;0;0;;;;;;;;;;;;System.Byte[];1;0;2_LICE1;2_NAL1;1;1;1;-16777216;4026531840;0;1366;;;;;;;;;;;;;;;;1;1;0;1;;;;
8VOP_G_01;;OPŠAV PREDNJI GORNJI MODEL 01;;;9;38;43;62;63;3MAS20;;1;0;20;0;;0;0;0;0;0;;;0;0;0;0;0;;;0;0;0;0;0;;;0;0;0;0;0;;;;8LAK-2X;8LAK-1X;-1;-1;-1;-1;0;;;0;5;4026531840;0;0;0;0;0;1;0;0;;;;;;;Zamijeni širinu i debljinu;;;;;System.Byte[];1;0;;;1;1;1;-16777216;4026531840;0;1340;;;;;Profili\Vrata\Opsava prednja.MAC;;;;;;;;;;;1;1;0;1;;;;
8VK_01_S;;VRATNO KRILO MODEL 01 SENDVIČ;;;9;38;44;66;;1IV38_P1;;1;;38;;4MAS55;55;0;0;1;0;;4MAS55;55;0;0;1;0;;4MAS55;55;0;0;1;0;;4MAS55;55;0;0;1;0;;1MDF_04;1MDF_04;8BAR-A;8BAR-A;0;0;0;0;0;;;0;5;4026531840;20;0;7;0;7;1;1;0;;;;;;;;;;;;System.Byte[];1;0;;;1;1;1;-16777216;4026531840;0;1371;;;;;;;;;;;;;;;;1;1;0;1;;;;
8VD_G_01_S;;DOVRATNIK GORNJI MODEL 01 SENDVIČ;;;9;38;43;62;63;1IV28;;1;;28;;4MAS55;55;0;0;1;0;;4MAS55;55;0;0;1;0;;4MAS55;55;0;0;1;0;;4MAS55;55;0;0;1;0;;1MDF_04;1MDF_04;8BAR-A;8BAR-A;0;0;0;0;0;;;0;5;4026531840;20;0;7;0;7;1;0;0;;;;;;;;;;;;System.Byte[];1;0;;;1;1;1;-16777216;4026531840;0;1367;;;;;;;;;;;;;;;;1;1;0;1;;;;
8VOP_L_01;;OPŠAV PREDNJI LIJEVI MODEL 01;;;9;38;43;62;63;3MAS20;;1;0;20;0;;0;0;0;0;0;;;0;0;0;0;0;;;0;0;0;0;0;;;0;0;0;0;0;;;;8LAK-2X;8LAK-1X;-1;-1;-1;-1;0;;;0;5;4026531840;0;0;0;0;0;1;0;0;;;;;;;Zamijeni širinu i debljinu;;;;;System.Byte[];1;0;;;1;1;1;-16777216;4026531840;0;1341;;;;;Profili\Vrata\Opsava prednja.MAC;;;;;;;;;;;1;1;0;1;;;;
8VD_LS_GU;;DOVRATNIK LETVICA STAKLA GORNJA MODEL 01 OTVARANJE UNUTRA;;;9;38;43;62;63;3MAS18;;1;0;18;0;;0;0;0;0;0;;;0;0;0;0;0;;;0;0;0;0;0;;;0;0;0;0;0;;;;8LAK-2X;8LAK-2X;-1;-1;-1;-1;0;;;0;5;4026531840;0;0;0;0;0;1;0;0;;;;;;;Zamijeni širinu i debljinu;;;;;System.Byte[];1;0;;;1;1;1;-16777216;4026531840;0;1373;;;;;Profili\Vrata\Opsava prednja.MAC;;;;;;;;;;;1;1;0;1;;;;
8VD_G_01_SF;;DOVRATNIK GORNJI MODEL 01 SENDVIČ FURNIR;;;9;38;43;62;63;1IV28;;1;;28;;4MAS55;55;0;0;1;0;;4MAS55;55;0;0;1;0;;4MAS55;55;0;0;1;0;;4MAS55;55;0;0;1;0;;1MDF_04;1MDF_04;8LAK-2X;8LAK-1X;0;0;0;0;0;;;0;5;4026531840;20;0;7;0;7;1;0;0;;;;;;;;;;;;System.Byte[];1;0;2_LICE1;2_NAL1;1;1;1;-16777216;4026531840;0;1368;;;;;;;;;;;;;;;;1;1;0;1;;;;
8VD_L_01_S;;DOVRATNIK LIJEVI MODEL 01 SENDVIČ;;;9;38;43;62;63;1IV28;;1;;28;;4MAS55;55;0;0;1;0;;4MAS55;55;0;0;1;0;;4MAS55;55;0;0;1;0;;4MAS55;55;0;0;1;0;;1MDF_04;1MDF_04;8BAR-A;8BAR-A;0;0;0;0;0;;;0;5;4026531840;20;0;7;0;7;1;0;0;;;;;;;;;;;;System.Byte[];1;0;;;1;1;1;-16777216;4026531840;0;1369;;;;;;;;;;;;;;;;1;1;0;1;;;;
8VD_L_01_SF;;DOVRATNIK LIJEVI MODEL 01 SENDVIČ FURNIR;;;9;38;43;62;63;1IV28;;1;;28;;4MAS55;55;0;0;1;0;;4MAS55;55;0;0;1;0;;4MAS55;55;0;0;1;0;;4MAS55;55;0;0;1;0;;1MDF_04;1MDF_04;8LAK-2X;8LAK-1X;0;0;0;0;0;;;0;5;4026531840;20;0;7;0;7;1;0;0;;;;;;;;;;;;System.Byte[];1;0;2_LICE1;2_NAL1;1;1;1;-16777216;4026531840;0;1370;;;;;;;;;;;;;;;;1;1;0;1;;;;
8VOS_D_01;;OPŠAV STRAŽNJI DESNI MODEL 01;;;9;38;43;62;63;3MAS20;;1;0;20;0;;0;0;0;0;0;;;0;0;0;0;0;;;0;0;0;0;0;;;0;0;0;0;0;;;;8LAK-2X;8LAK-1X;-1;-1;-1;-1;0;;;0;5;4026531840;0;0;0;0;0;1;0;0;;;;;;;Zamijeni širinu i debljinu;;;;;System.Byte[];1;0;;;1;1;1;-16777216;4026531840;0;1342;;;;;Profili\Vrata\Opsava prednja.MAC;;;;;;;;;;;1;1;0;1;;;;
1VEZVP2;;VEZ VERTIKALNI PREDNJI 2 DEBLJINE;;;2;24;;;;1IL18;;2;0;18;0;4ABS10;1;0;0;0;0;;4ABS10;1;0;0;0;0;;4ABS10;1;0;0;0;0;;4ABS10;1;0;0;0;0;;;;;;0;0;0;0;0;;;0;1;4026531840;0;0;92;0;0;1;1;0;;;;;;;;;;;;System.Byte[];1;0;;;1;1;1;-16777216;4026531840;0;1401;;;;;;;;;;;;;;;;1;1;0;1;;;;
8VOS_G_01;;OPŠAV STRAŽNJI GORNJI MODEL 01;;;9;38;43;62;63;3MAS20;;1;0;20;0;;0;0;0;0;0;;;0;0;0;0;0;;;0;0;0;0;0;;;0;0;0;0;0;;;;8LAK-2X;8LAK-1X;-1;-1;-1;-1;0;;;0;5;4026531840;0;0;0;0;0;1;0;0;;;;;;;Zamijeni širinu i debljinu;;;;;System.Byte[];1;0;;;1;1;1;-16777216;4026531840;0;1343;;;;;Profili\Vrata\Opsava prednja.MAC;;;;;;;;;;;1;1;0;1;;;;
8VOS_L_01;;OPŠAV STRAŽNJI LIJEVI MODEL 01;;;9;38;43;62;63;3MAS20;;1;0;20;0;;0;0;0;0;0;;;0;0;0;0;0;;;0;0;0;0;0;;;0;0;0;0;0;;;;8LAK-2X;8LAK-1X;-1;-1;-1;-1;0;;;0;5;4026531840;0;0;0;0;0;1;0;0;;;;;;;Zamijeni širinu i debljinu;;;;;System.Byte[];1;0;;;1;1;1;-16777216;4026531840;0;1344;;;;;Profili\Vrata\Opsava prednja.MAC;;;;;;;;;;;1;1;0;1;;;;
8VD_H_KR;;DOVRATNIK HORIZONTALNI ZA POZICIONIRANJE KRILA;;;9;38;43;61;;9D;;1;0;1;0;;0;0;0;0;0;;;0;0;0;0;0;;;0;0;0;0;0;;;0;0;0;0;0;;;;;;-1;-1;-1;-1;0;;;0;5;255;;0;;0;;0;1;0;;;;;;;;;;;;System.Byte[];1;0;;;1;1;0;-16777216;4026531840;0;1348;;;;;;;;;;;;;;;;1;1;0;1;;;;
8VDU_DG_01_C0;;DOVRATNIK DESNI OTVARANJE UNUTRA GER SPOJ CNC;MODEL 01;;9;38;43;62;64;9D;;1;0;1;0;;0;0;0;0;0;;;0;0;0;0;0;;;0;0;0;0;0;;;0;0;0;0;0;;;;;;-1;-1;-1;-1;0;;;0;5;255;;0;;0;;0;1;0;;;;;;;;;;;;System.Byte[];1;0;;;1;1;0;-16777216;4026531840;0;1384;;;;;;;;;;;;;;;;1;1;0;1;;;;
8VDU_DH_01_C0;;DOVRATNIK DESNI  OTVARANJE UNUTRA HORIZONTALA SKROZ CNC;MODEL 01;;9;38;43;62;64;9D;;1;0;1;0;;0;0;0;0;0;;;0;0;0;0;0;;;0;0;0;0;0;;;0;0;0;0;0;;;;;;-1;-1;-1;-1;0;;;0;5;255;10;0;10;0;;0;1;0;;;;;;;;;;;;System.Byte[];1;0;;;1;1;0;-16777216;4026531840;0;1385;;;;;;;;;;;;;;;;1;1;0;1;;;;
8VDU_DV_01_C0;;DOVRATNIK DESNI OTVARANJE UNUTRA VERTIKALA SKROZ CNC;MODEL 01;;9;38;43;62;64;9D;;1;0;1;0;;0;0;0;0;0;;;0;0;0;0;0;;;0;0;0;0;0;;;0;0;0;0;0;;;;;;-1;-1;-1;-1;0;;;0;5;255;10;0;10;0;;0;1;0;;;;;;;;;;;;System.Byte[];1;0;;;1;1;0;-16777216;4026531840;0;1386;;;;;;;;;;;;;;;;1;1;0;1;;;;
8VDU_GG_01_C0;;DOVRATNIK GORNJI OTVARANJE UNUTRA GER SPOJ CNC;MODEL 01;;9;38;43;62;64;9D;;1;0;1;0;;0;0;0;0;0;;;0;0;0;0;0;;;0;0;0;0;0;;;0;0;0;0;0;;;;;;-1;-1;-1;-1;0;;;0;5;255;10;0;10;0;;0;1;0;;;;;;;;;;;;System.Byte[];1;0;;;1;1;0;-16777216;4026531840;0;1387;;;;;;;;;;;;;;;;1;1;0;1;;;;
8VDU_GH_01_C0;;DOVRATNIK GORNJI OTVARANJE UNUTRA HORIZONTALA SKROZ CNC;MODEL 01;;9;38;43;62;64;9D;;1;0;1;0;;0;0;0;0;0;;;0;0;0;0;0;;;0;0;0;0;0;;;0;0;0;0;0;;;;;;-1;-1;-1;-1;0;;;0;5;255;10;0;10;0;;0;1;0;;;;;;;;;;;;System.Byte[];1;0;;;1;1;0;-16777216;4026531840;0;1388;;;;;;;;;;;;;;;;1;1;0;1;;;;
1VEZVS2;;VEZ VERTIKALNI STRAŽNJI 2 DEBLJINE;;;2;24;;;;1IL18;;2;0;18;0;4ABS10;1;0;0;0;0;;4ABS10;1;0;0;0;0;;4ABS10;1;0;0;0;0;;4ABS10;1;0;0;0;0;;;;;;0;0;0;0;0;;;0;1;4026531840;0;0;92;0;0;1;1;0;;;;;;;;;;;;System.Byte[];1;0;;;1;1;1;-16777216;4026531840;0;1402;;;;;;;;;;;;;;;;1;1;0;1;;;;
8VDU_GV_01_C0;;DOVRATNIK GORNJI OTVARANJE UNUTRA VERTIKALA SKROZ CNC;MODEL 01;;9;38;43;62;64;9D;;1;0;1;0;;0;0;0;0;0;;;0;0;0;0;0;;;0;0;0;0;0;;;0;0;0;0;0;;;;;;-1;-1;-1;-1;0;;;0;5;255;10;0;10;0;;0;1;0;;;;;;;;;;;;System.Byte[];1;0;;;1;1;0;-16777216;4026531840;0;1389;;;;;;;;;;;;;;;;1;1;0;1;;;;
8VDU_LG_01_C0;;DOVRATNIK LIJEVI OTVARANJE UNUTRA GER SPOJ CNC;MODEL 01;;9;38;43;62;64;9D;;1;0;1;0;;0;0;0;0;0;;;0;0;0;0;0;;;0;0;0;0;0;;;0;0;0;0;0;;;;;;-1;-1;-1;-1;0;;;0;5;255;10;0;10;0;;0;1;0;;;;;;;;;;;;System.Byte[];1;0;;;1;1;0;-16777216;4026531840;0;1390;;;;;;;;;;;;;;;;1;1;0;1;;;;
8VDU_LH_01_C0;;DOVRATNIK LIJEVI OTVARANJE UNUTRA HORIZONTALA SKROZ CNC;MODEL 01;;9;38;43;62;64;9D;;1;0;1;0;;0;0;0;0;0;;;0;0;0;0;0;;;0;0;0;0;0;;;0;0;0;0;0;;;;;;-1;-1;-1;-1;0;;;0;5;255;10;0;10;0;;0;1;0;;;;;;;;;;;;System.Byte[];1;0;;;1;1;0;-16777216;4026531840;0;1391;;;;;;;;;;;;;;;;1;1;0;1;;;;
8VDU_LV_01_C0;;DOVRATNIK LIJEVI OTVARANJE UNUTRA VERTIKALA SKROZ CNC;MODEL 01;;9;38;43;62;64;9D;;1;0;1;0;;0;0;0;0;0;;;0;0;0;0;0;;;0;0;0;0;0;;;0;0;0;0;0;;;;;;-1;-1;-1;-1;0;;;0;5;255;10;0;10;0;;0;1;0;;;;;;;;;;;;System.Byte[];1;0;;;1;1;0;-16777216;4026531840;0;1392;;;;;;;;;;;;;;;;1;1;0;1;;;;
8VK_01_SF;;VRATNO KRILO MODEL 01 SENDVIČ FURNIR;;;9;38;44;66;;1IV38_P1;;1;;38;;4MAS55;55;0;0;1;0;;4MAS55;55;0;0;1;0;;4MAS55;55;0;0;1;0;;4MAS55;55;0;0;1;0;;1MDF_04;1MDF_04;8LAK-2X;8LAK-1X;0;0;0;0;0;;;0;5;4026531840;20;0;7;0;7;1;1;0;;;;;;;;;;;;System.Byte[];1;0;2_LICE1;2_NAL1;1;1;1;-16777216;4026531840;0;1372;;;;;;;;;;;;;;;;1;1;0;1;;;;
8VDV_DG_01_C0;;DOVRATNIK DESN OTVARANJE VAN GER SPOJ CNC;MODEL 01;;9;38;43;62;64;9D;;1;0;1;0;;0;0;0;0;0;;;0;0;0;0;0;;;0;0;0;0;0;;;0;0;0;0;0;;;;;;-1;-1;-1;-1;0;;;0;5;255;;0;;0;;0;1;0;;;;;;;;;;;;System.Byte[];1;0;;;1;1;0;-16777216;4026531840;0;1374;;;;;;;;;;;;;;;;1;1;0;1;;;;
8VDV_DH_01_C0;;DOVRATNIK DESNI OTVARANJE VAN HORIZONTALA SKROZ CNC;MODEL 01;;9;38;43;62;64;9D;;1;0;1;0;;0;0;0;0;0;;;0;0;0;0;0;;;0;0;0;0;0;;;0;0;0;0;0;;;;;;-1;-1;-1;-1;0;;;0;5;255;10;0;10;0;;0;1;0;;;;;;;;;;;;System.Byte[];1;0;;;1;1;0;-16777216;4026531840;0;1375;;;;;;;;;;;;;;;;1;1;0;1;;;;
8VDV_DV_01_C0;;DOVRATNIK DESNI OTVARANJE VAN VERTIKALA SKROZ CNC;MODEL 01;;9;38;43;62;64;9D;;1;0;1;0;;0;0;0;0;0;;;0;0;0;0;0;;;0;0;0;0;0;;;0;0;0;0;0;;;;;;-1;-1;-1;-1;0;;;0;5;255;10;0;10;0;;0;1;0;;;;;;;;;;;;System.Byte[];1;0;;;1;1;0;-16777216;4026531840;0;1376;;;;;;;;;;;;;;;;1;1;0;1;;;;
8VDV_GG_01_C0;;DOVRATNIK GORNJI OTVARANJE VAN GER SPOJ CNC;MODEL 01;;9;38;43;62;64;9D;;1;0;1;0;;0;0;0;0;0;;;0;0;0;0;0;;;0;0;0;0;0;;;0;0;0;0;0;;;;;;-1;-1;-1;-1;0;;;0;5;255;10;0;10;0;;0;1;0;;;;;;;;;;;;System.Byte[];1;0;;;1;1;0;-16777216;4026531840;0;1377;;;;;;;;;;;;;;;;1;1;0;1;;;;
8VDV_GH_01_C0;;DOVRATNIK GORNJI OTVARANJE VAN HORIZONTALA SKROZ CNC;MODEL 01;;9;38;43;62;64;9D;;1;0;1;0;;0;0;0;0;0;;;0;0;0;0;0;;;0;0;0;0;0;;;0;0;0;0;0;;;;;;-1;-1;-1;-1;0;;;0;5;255;10;0;10;0;;0;1;0;;;;;;;;;;;;System.Byte[];1;0;;;1;1;0;-16777216;4026531840;0;1378;;;;;;;;;;;;;;;;1;1;0;1;;;;
8VDV_GV_01_C0;;DOVRATNIK GORNJI OTVARANJE VAN VERTIKALA SKROZ CNC;MODEL 01;;9;38;43;62;64;9D;;1;0;1;0;;0;0;0;0;0;;;0;0;0;0;0;;;0;0;0;0;0;;;0;0;0;0;0;;;;;;-1;-1;-1;-1;0;;;0;5;255;10;0;10;0;;0;1;0;;;;;;;;;;;;System.Byte[];1;0;;;1;1;0;-16777216;4026531840;0;1379;;;;;;;;;;;;;;;;1;1;0;1;;;;
8VDU_SH_01_C0;;DOVRATNIK SREDNJ OTVARANJE UNUTRA CNC;MODEL 01;;9;38;43;62;64;9D;;1;0;1;0;;0;0;0;0;0;;;0;0;0;0;0;;;0;0;0;0;0;;;0;0;0;0;0;;;;;;-1;-1;-1;-1;0;;;0;5;255;10;0;10;0;;0;1;0;;;;;;;;;;;;System.Byte[];1;0;;;1;1;0;-16777216;4026531840;0;1393;;;;;;;;;;;;;;;;1;1;0;1;;;;
8VDV_SH_01_C0;;DOVRATNIK SREDNJI OTVARANJE VAN CNC;MODEL 01;;9;38;43;62;64;9D;;1;0;1;0;;0;0;0;0;0;;;0;0;0;0;0;;;0;0;0;0;0;;;0;0;0;0;0;;;;;;-1;-1;-1;-1;0;;;0;5;255;10;0;10;0;;0;1;0;;;;;;;;;;;;System.Byte[];1;0;;;1;1;0;-16777216;4026531840;0;1380;;;;;;;;;;;;;;;;1;1;0;1;;;;
8VDV_LG_01_C0;;DOVRATNIK LIJEVI OTVARANJE VAN GER SPOJ CNC;MODEL 01;;9;38;43;62;64;9D;;1;0;1;0;;0;0;0;0;0;;;0;0;0;0;0;;;0;0;0;0;0;;;0;0;0;0;0;;;;;;-1;-1;-1;-1;0;;;0;5;255;10;0;10;0;;0;1;0;;;;;;;;;;;;System.Byte[];1;0;;;1;1;0;-16777216;4026531840;0;1381;;;;;;;;;;;;;;;;1;1;0;1;;;;
VRATAP;;VRATA SA PREVJESOM DOLE;;;1;25;32;;;1IL18F;;1;0;18;0;4ABS10;1;0;0;0;0;;4ABS10;1;0;0;0;0;;4ABS10;1;0;0;0;0;;4ABS10;1;0;0;0;0;;;;;;0;0;0;0;0;;;0;1;4026531840;0;0;0;0;0;1;1;0;;;;;;;prevjes dole;;;;;System.Byte[];1;0;;;1;1;1;-16777216;4026531840;0;1438;;;;;;;;;;;;;;;;1;1;0;1;;;;
VRATA_MDF_CRUCKA_DESNO;;VRATA MDF CRUCKA DESNO;;;1;25;33;;;1MDF18;;1;0;18;0;;0;0;0;0;0;;;0;0;0;0;0;;;0;0;0;0;0;;CRUCKA_GLOD;0;0;0;0;0;;;;8LAK-2X;8LAK-2X;-1;-1;-1;-1;0;;;0;1;4026531840;0;0;0;0;0;1;1;0;CRUCKA_GLODCNC;;;;;;Glodanje C rucke desni rub elementa;C:\MegaCAD_3D_2025\Planles\Ini_dat_hrv\Mtsx\Fronte\Glodane\Vrata1CR_200.png;;;;System.Byte[];1;0;;;1;1;1;-16777216;4026531840;0;1439;;;;;;;;;;;;;;;;1;0;0;1;;;;
VRATA_MDF_CRUCKA_DOLE;;VRATA MDF CRUCKA DOLE;;;1;25;33;;;1MDF18;;1;0;18;0;;0;0;0;0;0;;CRUCKA_GLOD;0;0;0;0;0;;;0;0;0;0;0;;;0;0;0;0;0;;;;8LAK-2X;8LAK-2X;-1;-1;-1;-1;0;;;0;1;4026531840;0;0;0;0;0;1;1;0;CRUCKA_GLODCNC;;;;;;Glodanje C rucke donji rub elementa;C:\MegaCAD_3D_2025\Planles\Ini_dat_hrv\Mtsx\Fronte\Glodane\Vrata1CR_200.png;;;;System.Byte[];1;0;;;1;1;1;-16777216;4026531840;0;1440;;;;;;;;;;;;;;;;1;0;0;1;;;;
VRATA_MDF_CRUCKA_GORE;;VRATA MDF CRUCKA GORE;;;1;25;33;;;1MDF18;;1;0;18;0;CRUCKA_GLOD;0;0;0;0;0;;;0;0;0;0;0;;;0;0;0;0;0;;;0;0;0;0;0;;;;8LAK-2X;8LAK-2X;-1;-1;-1;-1;0;;;0;1;4026531840;0;0;0;0;0;1;1;0;CRUCKA_GLODCNC;;;;;;Glodanje C rucke gornji rub elementa;C:\MegaCAD_3D_2025\Planles\Ini_dat_hrv\Mtsx\Fronte\Glodane\Vrata1CR_200.png;;;;System.Byte[];1;0;;;1;1;1;-16777216;4026531840;0;1441;;;;;;;;;;;;;;;;1;0;0;1;;;;
VRATA_MDF_CRUCKA_LIJEVO;;VRATA MDF CRUCKA LIJEVO;;;1;25;33;;;1MDF18;;1;0;18;0;;0;0;0;0;0;;;0;0;0;0;0;;CRUCKA_GLOD;0;0;0;0;0;;;0;0;0;0;0;;;;8LAK-2X;8LAK-2X;-1;-1;-1;-1;0;;;0;1;4026531840;0;0;0;0;0;1;1;0;CRUCKA_GLODCNC;;;;;;Glodanje C rucke lijevi rub elementa;C:\MegaCAD_3D_2025\Planles\Ini_dat_hrv\Mtsx\Fronte\Glodane\Vrata1CR_200.png;;;;System.Byte[];1;0;;;1;1;1;-16777216;4026531840;0;1442;;;;;;;;;;;;;;;;1;0;0;1;;;C:\MegaCAD_3D_2025\Planles\Ini_dat_hrv\Mtsx\Fronte\Glodane\Vrata1CR_200.png;
VRATA_MDF_D_RUCKA_DESNO;;VRATA MDF D RUCKA DESNO;;;1;25;33;;;1MDF18;;1;0;18;0;;0;0;0;0;0;;;0;0;0;0;0;;;0;0;0;0;0;;DRUCKA_GLOD;0;0;0;0;0;;;;8LAK-2X;8LAK-2X;-1;-1;-1;-1;0;;;0;1;4026531840;0;0;0;0;0;1;1;0;DRUCKA_GLODCNC;;;;;;Glodanje D rucke desni rub elementa;C:\MegaCAD_3D_2025\Planles\Ini_dat_hrv\Mtsx\Fronte\Glodane\Vrata1DR_200.png;;;;System.Byte[];1;0;;;1;1;1;-16777216;4026531840;0;1443;;;;;;;;;;;;;;;;1;0;0;1;;;;
VRATA_MDF_D_RUCKA_DOLE;;VRATA MDF D RUCKA DOLE;;;1;25;33;;;1MDF18;;1;0;18;0;;0;0;0;0;0;;DRUCKA_GLOD;0;0;0;0;0;;;0;0;0;0;0;;;0;0;0;0;0;;;;8LAK-2X;8LAK-2X;-1;-1;-1;-1;0;;;0;1;4026531840;0;0;0;0;0;1;1;0;DRUCKA_GLODCNC;;;;;;Glodanje D rucke donji rub;C:\MegaCAD_3D_2025\Planles\Ini_dat_hrv\Mtsx\Fronte\Glodane\Vrata1DR_200.png;;;;System.Byte[];1;0;;;1;1;1;-16777216;4026531840;0;1444;;;;;;;;;;;;;;;;1;0;0;1;;;;
VRATA_MDF_D_RUCKA_GORE;;VRATA MDF D RUCKA GORE;;;1;25;33;;;1MDF18;;1;0;18;0;DRUCKA_GLOD;0;0;0;0;0;;;0;0;0;0;0;;;0;0;0;0;0;;;0;0;0;0;0;;;;8LAK-2X;8LAK-2X;-1;-1;-1;-1;0;;;0;1;4026531840;0;0;0;0;0;1;1;0;DRUCKA_GLODCNC;;;;;;Glodanje D rucke gornji rub;C:\MegaCAD_3D_2025\Planles\Ini_dat_hrv\Mtsx\Fronte\Glodane\Vrata1DR_200.png;;;;System.Byte[];1;0;;;1;1;1;-16777216;4026531840;0;1445;;;;;;;;;;;;;;;;1;0;0;1;;;C:\MegaCAD_3D_2025\Planles\Ini_dat_hrv\Mtsx\Fronte\Glodane\Vrata1DR_200.png;C:\MegaCAD_3D_2025\Planles\Ini_dat_hrv\Mtsx\Fronte\Glodane\Vrata1DR_200.png
VRATA_MDF_D_RUCKA_LIJEVO;;VRATA MDF D RUCKA LIJEVO;;;1;25;33;;;1MDF18;;1;0;18;0;;0;0;0;0;0;;;0;0;0;0;0;;DRUCKA_GLOD;0;0;0;0;0;;;0;0;0;0;0;;;;8LAK-2X;8LAK-2X;-1;-1;-1;-1;0;;;0;1;4026531840;0;0;0;0;0;1;1;0;DRUCKA_GLODCNC;;;;;;Glodanje D Rucke lijevi rub elementa;C:\MegaCAD_3D_2025\Planles\Ini_dat_hrv\Mtsx\Fronte\Glodane\Vrata1DR_200.png;;;;System.Byte[];1;0;;;1;1;1;-16777216;4026531840;0;1446;;;;;;;;;;;;;;;;1;0;0;1;;;C:\MegaCAD_3D_2025\Planles\Ini_dat_hrv\Mtsx\Fronte\Glodane\Vrata1DR_200.png;
VRATA_MDF_GER_DESNO;;VRATA MDF18 GER RUCKA DESNO;;;1;25;;;;1MDF18;;1;;18;;;;;;0;0;;;0;;;0;0;;;;;;0;0;;GER_RUC;;;;0;0;;;;;;-1;-1;-1;-1;;;;;4026531840;4026531840;;;;;;1;1;0;GERRGCNC;;;;;;Ger rucka desni rub elementa;C:\MegaCAD_3D_2025\Planles\Ini_dat_hrv\Mtsx\Fronte\Glodane\Vrata1GER_200.png;;;;System.Byte[];;;;;0;0;1;0;4026531840;0;1447;;;;;;;;;;;;;;;;1;1;0;1;;;;
VRATA_MDF_GER_DOLE;;VRATA MDF18 GER RUCKA DOLE;;;1;25;;;;1MDF_GD_18;;1;;18;;;;;;0;0;;GER_RUC;0;;;0;0;;;;;;0;0;;;;;;0;0;;;;;;-1;-1;-1;-1;;;;;4026531840;4026531840;;;;;;1;1;0;GERRGCNC;;;;;;Ger rucka donji rub elementa;C:\MegaCAD_3D_2025\Planles\Ini_dat_hrv\Mtsx\Fronte\Glodane\Vrata1GER_200.png;;;;System.Byte[];;;;;0;0;1;0;4026531840;0;1448;;;;;;;;;;;;;;;;1;1;0;1;;;;
VRATA_MDF_GER_GORE;;VRATA MDF18 GER RUCKA GORE;;;1;25;;;;1MDF18;;1;;18;;GER_RUC;;;;0;0;;;0;;;0;0;;;;;;0;0;;;;;;0;0;;;;;;-1;-1;-1;-1;;;;;4026531840;4026531840;;;;;;1;1;0;GERRGCNC;;;;;;Ger rucka gornji rub elementa;C:\MegaCAD_3D_2025\Planles\Ini_dat_hrv\Mtsx\Fronte\Glodane\Vrata1GER_200.png;;;;System.Byte[];;;;;0;0;1;0;4026531840;0;1449;;;;;;;;;;;;;;;;1;1;0;1;;;C:\MegaCAD_3D_2025\Planles\Ini_dat_hrv\Mtsx\Fronte\Glodane\Vrata1GER_200.png;
VRATA_MDF_GER_LIJEVO;;VRATA MDF18 GER RUCKA LIJEVO;;;1;25;;;;1MDF18;;1;;18;;;;;;0;0;;;0;;;0;0;;GER_RUC;;;;0;0;;;;;;0;0;;;;;;-1;-1;-1;-1;;;;;4026531840;4026531840;;;;;;1;1;0;GERRGCNC;;;;;;Ger rucka lijevi rub elementa;C:\MegaCAD_3D_2025\Planles\Ini_dat_hrv\Mtsx\Fronte\Glodane\Vrata1GER_200.png;;;;System.Byte[];;;;;0;0;0;0;4026531840;0;1450;;;;;;;;;;;;;;;;1;1;0;1;;;;
2230070;;VERTIKALNI profil M4, aluminij;;;5;;;;;2230070;;1;;;;;;;;0;0;;;;;;0;0;;;;;;0;0;;;;;;0;0;;;;;;-1;-1;-1;-1;;;;;4026531840;4026531840;;;;;;1;0;0;;;;;;;;;;;;System.Byte[];;;;;0;0;0;0;4026531840;0;1461;;;;;Okov\Elgrad\2230070.MAC;;;;;;;;;;;1;1;0;1;;;C:\Users\Ivan\Desktop\TischlerPosao\M4.jpg;
2230083;;Vodilica elgrad;;;5;;;;;2230005;;1;;10;;;;;;0;0;;;;;;0;0;;;;;;0;0;;;;;;0;0;;;;;;-1;-1;-1;-1;;;;;4026531840;4026531840;;;;;;1;0;0;;;;;;;;;;;;System.Byte[];;;;;0;0;0;0;4026531840;0;1462;;;;;;;;;;;;;;;;1;1;0;1;;;;
2250004;;VERTIKALNI profil H3-10;;;5;;;;;2250004;;1;;;;;;;;0;0;;;;;;0;0;;;;;;0;0;;;;;;0;0;;;;;;-1;-1;-1;-1;;;;;4026531840;4026531840;;;;;;1;0;0;;;;;;;;;;;;System.Byte[];;;;;0;0;0;0;4026531840;0;1463;;;;;Okov\Elgrad\2250004.MAC;;;;;;;;;;;1;1;0;1;;;;
U104UKL;;U104 IVERAL 10mm ST9;;;1;25;32;;;EG_U104ST9_10;;1;0;10;0;4ABS10;1;0;0;0;0;;4ABS10;1;0;0;0;0;;4ABS10;1;0;0;0;0;;4ABS10;1;0;0;0;0;;;;;;0;0;0;0;0;;;0;1;4026531840;0;0;0;0;0;1;1;0;;;;;;;;;;;;System.Byte[];1;0;;;1;1;1;-16777216;4026531840;0;1464;;;;;;;;;;;;;;;;1;1;0;1;;;;
U727UKL;;U727 IVERAL 10mm ST9;;;1;25;32;;;EG_U727ST9_10;;1;0;10;0;4ABS10;1;0;0;0;0;;4ABS10;1;0;0;0;0;;4ABS10;1;0;0;0;0;;4ABS10;1;0;0;0;0;;;;;;0;0;0;0;0;;;0;1;4026531840;0;0;0;0;0;1;1;0;;;;;;;;;;;;System.Byte[];1;0;;;1;1;1;-16777216;4026531840;0;1465;;;;;;;;;;;;;;;;1;1;0;1;;;;
7ALUPROFIL;;Alu profil;;;0;0;0;0;0;2230083;;1;;1;;;;;;0;0;;;;;;0;0;;;;;;0;0;;;;;;0;0;;;;;;-1;-1;-1;-1;;;;;4026531840;4026531840;;;;;;1;0;0;;;;;;;;;;;;System.Byte[];;;;;0;0;0;0;4026531840;0;1466;;;;;;;;;;;;;;;;1;1;0;1;;;;
8VDV_LH_01_C0;;DOVRATNIK LIJEVI OTVARANJE VAN HORIZONTALA SKROZ CNC;MODEL 01;;9;38;43;62;64;9D;;1;0;1;0;;0;0;0;0;0;;;0;0;0;0;0;;;0;0;0;0;0;;;0;0;0;0;0;;;;;;-1;-1;-1;-1;0;;;0;5;255;10;0;10;0;;0;1;0;;;;;;;;;;;;System.Byte[];1;0;;;1;1;0;-16777216;4026531840;0;1382;;;;;;;;;;;;;;;;1;1;0;1;;;;
8VDU_D_C1;;DOVRATNIK DESNI OTVARANJE UNUTRA CNC FAZA 2;MODEL 01;;9;38;43;62;64;9D;;1;0;1;0;;0;0;0;0;0;;;0;0;0;0;0;;;0;0;0;0;0;;;0;0;0;0;0;;;;;;-1;-1;-1;-1;0;;;0;5;255;10;0;10;0;;0;1;0;;;;;;;;;;;;System.Byte[];1;0;;;1;1;0;-16777216;4026531840;0;1394;;;;;;;;;;;;;;;;1;1;0;1;;;;
8VDV_LV_01_C0;;DOVRATNIK LIJEVI OTVARANJE VAN VERTIKALA SKROZ CNC;MODEL 01;;9;38;43;62;64;9D;;1;0;1;0;;0;0;0;0;0;;;0;0;0;0;0;;;0;0;0;0;0;;;0;0;0;0;0;;;;;;-1;-1;-1;-1;0;;;0;5;255;10;0;10;0;;0;1;0;;;;;;;;;;;;System.Byte[];1;0;;;1;1;0;-16777216;4026531840;0;1383;;;;;;;;;;;;;;;;1;1;0;1;;;;
8VDU_L_C1;;DOVRATNIK LIJEVI OTVARANJE UNUTRA CNC FAZA 2;MODEL 01;;9;38;43;62;64;9D;;1;0;1;0;;0;0;0;0;0;;;0;0;0;0;0;;;0;0;0;0;0;;;0;0;0;0;0;;;;;;-1;-1;-1;-1;0;;;0;5;255;10;0;10;0;;0;1;0;;;;;;;;;;;;System.Byte[];1;0;;;1;1;0;-16777216;4026531840;0;1395;;;;;;;;;;;;;;;;1;1;0;1;;;;
8VDU_G_C1;;DOVRATNIK GORNJI OTVARANJE UNUTRA CNC FAZA 2;MODEL 01;;9;38;43;62;64;9D;;1;0;1;0;;0;0;0;0;0;;;0;0;0;0;0;;;0;0;0;0;0;;;0;0;0;0;0;;;;;;-1;-1;-1;-1;0;;;0;5;255;10;0;10;0;;0;1;0;;;;;;;;;;;;System.Byte[];1;0;;;1;1;0;-16777216;4026531840;0;1400;;;;;;;;;;;;;;;;1;1;0;1;;;;
8VDV_D_C1;;DOVRATNIK DESNI OTVARANJE VAN CNC FAZA 2;MODEL 01;;9;38;43;62;64;9D;;1;0;1;0;;0;0;0;0;0;;;0;0;0;0;0;;;0;0;0;0;0;;;0;0;0;0;0;;;;;;-1;-1;-1;-1;0;;;0;5;255;;0;;0;;0;1;0;;;;;;;;;;;;System.Byte[];1;0;;;1;1;0;-16777216;4026531840;0;1397;;;;;;;;;;;;;;;;1;1;0;1;;;;
8VDV_G_C1;;DOVRATNIK GORNJI OTVARANJE VAN CNC FAZA 2;MODEL 01;;9;38;43;62;64;9D;;1;0;1;0;;0;0;0;0;0;;;0;0;0;0;0;;;0;0;0;0;0;;;0;0;0;0;0;;;;;;-1;-1;-1;-1;0;;;0;5;255;;0;;0;;0;1;0;;;;;;;;;;;;System.Byte[];1;0;;;1;1;0;-16777216;4026531840;0;1398;;;;;;;;;;;;;;;;1;1;0;1;;;;
8VDV_L_C1;;DOVRATNIK LIJEVI OTVARANJE VAN CNC FAFA 2;MODEL 01;;9;38;43;62;64;9D;;1;0;1;0;;0;0;0;0;0;;;0;0;0;0;0;;;0;0;0;0;0;;;0;0;0;0;0;;;;;;-1;-1;-1;-1;0;;;0;5;255;;0;;0;;0;1;0;;;;;;;;;;;;System.Byte[];1;0;;;1;1;0;-16777216;4026531840;0;1399;;;;;;;;;;;;;;;;1;1;0;1;;;;
7AKTOR_C;;Profilna ručka vertikalna Aktor C;;;8;46;;;;SCH_103304497;;1;0;;0;;0;0;0;0;0;;;0;0;0;0;0;;;0;0;0;0;0;;;0;0;0;0;0;;;;;;-1;-1;-1;-1;0;;;0;5;4026531840;0;0;0;0;0;1;0;0;;;;;;;;;;;;System.Byte[];1;0;;;1;1;1;-16777216;4026531840;0;1403;;;;;;;;;;;;;;;;1;1;0;1;;;;
7AKTOR_L;;Profilna ručka vertikalna Aktor L;;;8;46;;;;SCH_103304123;;1;0;;0;;0;0;0;0;0;;;0;0;0;0;0;;;0;0;0;0;0;;;0;0;0;0;0;;;;;;-1;-1;-1;-1;0;;;0;5;4026531840;0;0;0;0;0;1;0;0;;;;;;;;;;;;System.Byte[];1;0;;;1;1;1;-16777216;4026531840;0;1404;;;;;;;;;;;;;;;;1;1;0;1;;;;
4VRA_MDFJPULL_DESNO;;VRATA MDF JPULL GLODANJE DESNO;;;1;25;33;;;1MDF_GD_18;;1;0;18;0;;0;0;0;0;0;;;0;0;0;0;0;;;0;0;0;0;0;;JRUCKAGLOD;0;0;0;0;0;;;;8LAK-2X;8LAK-2X;-1;-1;-1;-1;0;;;0;1;4026531840;0;0;0;0;0;1;1;0;JRUCKAGLODCNC;;;;;;JPull glodanje desni rub;c:\MegaCAD_3D_2025\Planles\Ini_dat_hrv\Mtsx\Izmene\Vrata1JPULL_200.png;;;;System.Byte[];1;0;;;1;1;1;-16777216;4026531840;0;1451;;;;;;;;;;;;;;;;1;0;0;0;;;Vrata1JPULL_200.png;
4VRA_MDFJPULL_DOLE;;VRATA MDF JPULL GLODANJE DOLE;;;1;25;33;;;1MDF_GD_18;;1;0;18;0;;0;0;0;0;0;;JRUCKAGLOD;0;0;0;0;0;;;0;0;0;0;0;;;0;0;0;0;0;;;;8LAK-2X;8LAK-2X;-1;-1;-1;-1;0;;;0;1;4026531840;0;0;0;0;0;1;1;0;JRUCKAGLODCNC;;;;;;JPull glodanje donji rub;c:\MegaCAD_3D_2025\Planles\Ini_dat_hrv\Mtsx\Izmene\Vrata1JPULL_200.png;;;;System.Byte[];1;0;;;1;1;0;-16777216;4026531840;0;1452;;;;;;;;;;;;;;;;1;0;0;0;;;;
4VRA_MDFJPULL_GORE;;VRATA MDF JPULL GLODANJE GORE;;;1;25;33;;;1MDF_GD_18;;1;0;18;0;JRUCKAGLOD;0;0;0;0;0;;;0;0;0;0;0;;;0;0;0;0;0;;;0;0;0;0;0;;;;8LAK-2X;8LAK-2X;-1;-1;-1;-1;0;;;0;1;4026531840;0;0;0;0;0;1;1;0;JRUCKAGLODCNC;;;;System.Byte[];;JPull glodanje gornji rub;c:\MegaCAD_3D_2025\Planles\Ini_dat_hrv\Mtsx\Izmene\Vrata1JPULL_200.png;1;;;System.Byte[];1;0;;;1;1;0;-16777216;4026531840;0;1453;;;;;;;;;;;;;;;;1;0;0;0;;;C:\MegaCAD_3D_2025\Planles\Ini_dat_hrv\Mtsx\Fronte\Glodane\Vrata1JPULL_200.png;C:\MegaCAD_3D_2025\Planles\Ini_dat_hrv\Mtsx\Fronte\Glodane\Vrata1JPULL_200.png
4VRA_MDFJPULL_LIJEVO;;VRATA MDF JPULL GLODANJE LIJEVO;;;1;25;33;;;1MDF_GD_18;;1;0;18;0;;0;0;0;0;0;;;0;0;0;0;0;;JRUCKAGLOD;0;0;0;0;0;;;0;0;0;0;0;;;;8LAK-2X;8LAK-2X;-1;-1;-1;-1;0;;;0;1;4026531840;0;0;0;0;0;1;1;0;JRUCKAGLODCNC;;;;;;JPull glodanje lijevi rub;c:\MegaCAD_3D_2025\Planles\Ini_dat_hrv\Mtsx\Izmene\Vrata1JPULL_200.png;;;;System.Byte[];1;0;;;1;1;0;-16777216;4026531840;0;1454;;;;;;;;;;;;;;;;1;0;0;0;;;;
VRATA_MDF_C_RUCKA_DESNO;;VRATA MDF C RUCKA DESNO;;;1;25;33;;;1MDF_GD_18;;1;0;18;0;;0;0;0;0;0;;;0;0;0;0;0;;;0;0;0;0;0;;CRUCKA_GLOD;0;0;0;0;0;;;;8LAK-2X;8LAK-2X;-1;-1;-1;-1;0;;;0;1;4026531840;0;0;0;0;0;1;1;0;CRUCKA_GLODCNC;;;;;;Glodanje C rucke desni rub elementa;c:\MegaCAD_3D_2025\Planles\Ini_dat_hrv\Mtsx\Izmene\Vrata1CRU1_200.png;;;;System.Byte[];1;0;;;1;1;0;-16777216;4026531840;0;1455;;;;;;;;;;;;;;;;1;0;0;0;;;;
ST;;STROP;;;67;69;74;;;1IL18;;1;0;18;0;4ABS10;1;0;0;0;0;;4ABS10;1;0;0;0;0;;4ABS10;1;0;0;0;0;;4ABS10;1;0;0;0;0;;;;;;0;0;0;0;0;;;0;1;4026531840;0;0;0;0;0;1;1;0;;;;;;;;;;;;System.Byte[];1;0;;;1;1;1;-16777216;4026531840;0;1406;;;;;;;;;;;;;;;;1;1;0;1;;;;
LEDPUN;;LEĐA PUNA;;;53;;;;;EG_W960ST7_18;;1;0;18;0;4ABS_NEVIDLJIVI;0,4;0;0;0;0;;4ABS_NEVIDLJIVI;0,4;0;0;0;0;;4ABS_NEVIDLJIVI;0,4;0;0;0;0;;4ABS_NEVIDLJIVI;0,4;0;0;0;0;;;;;;0;0;0;0;0;;;0;1;4026531840;0;0;0;0;0;1;1;0;;;;;;;;;;;;System.Byte[];1;0;;;1;1;1;-16777216;4026531840;0;1407;;;;;;;;;;;;;;;;1;1;0;1;;;;
POLICA;;POLICA;;;85;;;;;EG_W960ST7_18;;1;0;18;0;4ABS_POLICE;0,8;0;0;0;0;;4ABS_POLICE;0,8;0;0;0;0;;4ABS_POLICE;0,8;0;0;0;0;;4ABS_POLICE;0,8;0;0;0;0;;;;;;0;0;0;0;0;;;0;1;4026531840;0;0;0;0;0;1;1;0;;;;;;;;;;;;System.Byte[];1;0;;;1;1;1;-16777216;4026531840;0;1415;;;;;;;;;;;;;;;;1;1;0;1;;;;
VRATA;;VRATA;;;85;86;99;;;EG_U702ST9_18;;1;0;18;0;4ABS_VRATA;0,8;0;0;0;0;;4ABS_VRATA;0,8;0;0;0;0;;4ABS_VRATA;0,8;0;0;0;0;;4ABS_VRATA;0,8;0;0;0;0;;;;;;0;0;0;0;0;;;0;1;4026531840;0;0;0;0;0;1;1;0;;;;;;;;;;;;System.Byte[];1;0;;;1;1;1;-16777216;4026531840;0;1408;;;;;;;;;;;;;;;;1;1;0;1;;;;
VR_UNUTAR;;VRATA UNUTRANJA;;;85;87;99;;;EG_W960ST7_18;;1;0;18;0;4ABS_UNUT_FRONTE;0,8;0;0;0;0;;4ABS_UNUT_FRONTE;0,8;0;0;0;0;;4ABS_UNUT_FRONTE;0,8;0;0;0;0;;4ABS_UNUT_FRONTE;0,8;0;0;0;0;;;;;;0;0;0;0;0;;;0;1;4026531840;0;0;0;0;0;1;1;0;;;;;;;;;;;;System.Byte[];1;0;;;1;1;1;-16777216;4026531840;0;1409;;;;;;;;;;;;;;;;1;1;0;1;;;;
VRATA_MAT;;VRATA MEDIJAPAN MAT;;;85;86;98;100;;1MDF_GE_18;;1;0;18;0;;;0;0;0;0;;;;0;0;0;0;;;;0;0;0;0;;;;0;0;0;0;;;;;;-1;-1;-1;-1;0;;;0;1;4026531840;0;0;0;0;0;1;1;0;;;;;;;;;;;;System.Byte[];1;0;;;1;1;1;-16777216;4026531840;0;1410;;;;;;;;;;;;;;;;1;1;0;1;;;;
VRATA_RUSTIKA;;VRATA MEDIJAPAN RUSTIKA;;;85;86;98;102;103;1MDF_GE_18;;1;0;18;0;;;0;0;0;0;;;;0;0;0;0;;;;0;0;0;0;;;;0;0;0;0;;;;;;-1;-1;-1;-1;0;;;0;1;4026531840;0;0;0;0;0;1;1;0;;;;;;;;;;;;System.Byte[];1;0;;;1;1;1;-16777216;4026531840;0;1412;;;;;;;;;;;;;;;;1;1;0;1;;;;
VRATA_SJAJ;;VRATA MEDIJAPAN SJAJ;;;85;86;98;101;;1MDF_GE_18;;1;0;18;0;;;0;0;0;0;;;;0;0;0;0;;;;0;0;0;0;;;;0;0;0;0;;;;;;-1;-1;-1;-1;0;;;0;1;4026531840;0;0;0;0;0;1;1;0;;;;;;;;;;;;System.Byte[];1;0;;;1;1;1;-16777216;4026531840;0;1411;;;;;;;;;;;;;;;;1;1;0;1;;;;
STR_D;;STRANICA DESNA;;;85;14;;;;EG_W960ST7_18;;1;0;18;0;4ABS_VIDLJIVI;0,8;0;0;0;0;;4ABS_VIDLJIVI;0,8;0;0;0;0;;4ABS_NEVIDLJIVI;0,4;0;0;0;0;;4ABS_NEVIDLJIVI;0,4;0;0;0;0;;;;;;0;0;0;0;0;;;0;1;4026531840;0;0;0;0;0;1;1;0;;;;;;;;;;;;System.Byte[];1;0;;;1;1;1;-16777216;4026531840;0;1414;;;;;;;;;;;;;;;;1;1;0;1;;;;
STR_L;;STRANICA LIJEVA;;;85;14;;;;EG_W960ST7_18;;1;0;18;0;4ABS_VIDLJIVI;0,8;0;0;0;0;;4ABS_VIDLJIVI;0,8;0;0;0;0;;4ABS_NEVIDLJIVI;0,4;0;0;0;0;;4ABS_NEVIDLJIVI;0,4;0;0;0;0;;;;;;0;0;0;0;0;;;0;1;4026531840;0;0;0;0;0;1;1;0;;;;;;;;;;;;System.Byte[];1;0;;;1;1;1;-16777216;4026531840;0;1413;;;;;;;;;;;;;;;;1;1;0;1;;;;
STR_MDF_SJAJ;;STRANICA MDF SJAJ;;;85;14;;;;1MDF18;;1;0;18;0;;;0;0;0;0;;;;0;0;0;0;;;;0;0;0;0;;;;0;0;0;0;;;;;;-1;-1;-1;-1;0;;;0;1;4026531840;0;0;0;0;0;1;1;0;;;;;;;;;;;;System.Byte[];1;0;;;1;1;1;-65536;4026531840;0;1417;;;;;;;;;;;;;;;;1;1;0;1;;;;
STR_MDF_MAT;;STRANICA MDF MAT;;;85;14;;;;1MDF18;;1;0;18;0;;;0;0;0;0;;;;0;0;0;0;;;;0;0;0;0;;;;0;0;0;0;;;;;;-1;-1;-1;-1;0;;;0;1;4026531840;0;0;0;0;0;1;1;0;;;;;;;;;;;;System.Byte[];1;0;;;1;1;1;-16777216;4026531840;0;1416;;;;;;;;;;;;;;;;1;1;0;1;;;;
COKUL_NEVIDLJIVI;;COKUL_NEVIDLJIVI;;;85;86;99;;;EG_W960ST7_18;;1;0;18;0;4ABS_NEVIDLJIVI;0,4;0;0;0;0;;4ABS_NEVIDLJIVI;0,4;0;0;0;0;;4ABS_NEVIDLJIVI;0,4;0;0;0;0;;4ABS_NEVIDLJIVI;0,4;0;0;0;0;;;;;;0;0;0;0;0;;;0;1;4026531840;0;0;0;0;0;1;1;0;;;;;;;;;;;;System.Byte[];1;0;;;1;1;1;-16777216;4026531840;0;1419;;;;;;;;;;;;;;;;1;1;0;1;;;;
FIXNA;;FIXNA PREGRADA;;;85;;;;;EG_W960ST7_18;;1;0;18;0;4ABS_VIDLJIVI;0,8;0;0;0;0;;4ABS_VIDLJIVI;0,8;0;0;0;0;;4ABS_NEVIDLJIVI;0,4;0;0;0;0;;4ABS_NEVIDLJIVI;0,4;0;0;0;0;;;;;;0;0;0;0;0;;;0;1;4026531840;0;0;0;0;0;1;1;0;;;;;;;;;;;;System.Byte[];1;0;;;1;1;1;-16777216;4026531840;0;1418;;;;;;;;;;;;;;;;1;1;0;1;;;;
COKUL_PREDNJI;;COKUL PREDNJI;;;85;86;99;;;EG_U702ST9_18;;1;0;18;0;4ABS_VIDLJIVI;0,8;0;0;0;0;;4ABS_VIDLJIVI;0,8;0;0;0;0;;4ABS_VIDLJIVI;0,8;0;0;0;0;;4ABS_VIDLJIVI;0,8;0;0;0;0;;;;;;0;0;0;0;0;;;0;1;4026531840;0;0;0;0;0;1;1;0;;;;;;;;;;;;System.Byte[];1;0;;;1;1;1;-16777216;4026531840;0;1420;;;;;;;;;;;;;;;;1;1;0;1;;;;
VEZ_NEVIDLJIVI;;VEZ_NEVIDLJIVI;;;85;;;;;EG_W960ST7_18;;1;0;18;0;4ABS_VIDLJIVI;0,4;0;0;0;0;;4ABS_VIDLJIVI;0,4;0;0;0;0;;4ABS_NEVIDLJIVI;0,4;0;0;0;0;;4ABS_NEVIDLJIVI;0,4;0;0;0;0;;;;;;0;0;0;0;0;;;0;1;4026531840;0;0;0;0;0;1;1;0;;;;;;;;;;;;System.Byte[];1;0;;;1;1;1;-16777216;4026531840;0;1421;;;;;;;;;;;;;;;;1;1;0;1;;;;
POD;;POD;;;85;14;;;;EG_W960ST7_18;;1;0;18;0;4ABS_VIDLJIVI;0,8;0;0;0;0;;4ABS_VIDLJIVI;0,8;0;0;0;0;;4ABS_NEVIDLJIVI;0,4;0;0;0;0;;4ABS_NEVIDLJIVI;0,4;0;0;0;0;;;;;;0;0;0;0;0;;;0;1;4026531840;0;0;0;0;0;1;1;0;;;;;;;;;;;;System.Byte[];1;0;;;1;1;1;-16777216;4026531840;0;1423;;;;;;;;;;;;;;;;1;1;0;1;;;;
VEZ_VIDLJIVI;;VEZ VIDLJIVI;;;85;;;;;EG_U702ST9_18;;1;0;18;0;4ABS_VIDLJIVI;0,8;0;0;0;0;;4ABS_VIDLJIVI;0,8;0;0;0;0;;4ABS_VIDLJIVI;0,8;0;0;0;0;;4ABS_VIDLJIVI;0,8;0;0;0;0;;;;;;0;0;0;0;0;;;0;1;4026531840;0;0;0;0;0;1;1;0;;;;;;;;;;;;System.Byte[];1;0;;;1;1;1;-16777216;4026531840;0;1422;;;;;;;;;;;;;;;;1;1;0;1;;;;
STROP;;STROP;;;85;14;;;;EG_W960ST7_18;;1;0;18;0;4ABS_VIDLJIVI;0,8;0;0;0;0;;4ABS_VIDLJIVI;0,8;0;0;0;0;;4ABS_NEVIDLJIVI;0,4;0;0;0;0;;4ABS_NEVIDLJIVI;0,4;0;0;0;0;;;;;;0;0;0;0;0;;;0;1;4026531840;0;0;0;0;0;1;1;0;;;;;;;;;;;;System.Byte[];1;0;;;1;1;1;-16777216;4026531840;0;1424;;;;;;;;;;;;;;;;1;1;0;1;;;;
LEDP;;LEĐA PUNA;;;53;;;;;1IL18;;1;0;18;0;4ABAS10;0;0;0;0;0;;4ABAS10;0;0;0;0;0;;4ABAS10;0;0;0;0;0;;4ABAS10;0;0;0;0;0;;;;;;-1;-1;-1;-1;0;;;0;1;4026531840;0;0;0;0;0;1;1;0;;;;;;;;;;;;System.Byte[];1;0;;;1;1;1;-16777216;4026531840;0;1427;;;;;;;;;;;;;;;;1;1;0;1;;;;
MS_VIDLJIVA;;MASKA VIDLJIVA;;;85;86;99;;;EG_U702ST9_18;;1;0;18;0;4ABS_VIDLJIVI;0,8;0;0;0;0;;4ABS_VIDLJIVI;0,8;0;0;0;0;;4ABS_VIDLJIVI;0,8;0;0;0;0;;4ABS_VIDLJIVI;0,8;0;0;0;0;;;;;;0;0;0;0;0;;;0;1;4026531840;0;0;0;0;0;1;1;0;;;;;;;;;;;;System.Byte[];1;0;;;1;1;1;-16777216;4026531840;0;1425;;;;;;;;;;;;;;;;1;1;0;1;;;;
DUPLIRANJE;;DUPLIRANJE;;;85;87;99;;;EG_U702ST9_18;;2;0;18;0;4ABS_DUPLIRANJE;0,8;0;0;0;0;;4ABS_DUPLIRANJE;0,8;0;0;0;0;;4ABS_DUPLIRANJE;0,8;0;0;0;0;;4ABS_DUPLIRANJE;0,8;0;0;0;0;;;;;;0;0;0;0;0;;;0;1;4026531840;0;0;0;0;0;1;1;0;;;;;;;DUPLIRANJE;;;;;System.Byte[];1;0;;;1;1;1;-16777216;4026531840;0;1428;;;;;;;;;;;;;;;;1;1;0;1;;;;
LEDPUNA;;LEĐA PUNA;;;85;;;;;EG_U702ST9_18;;1;0;18;0;4ABS_LEDA;0,8;0;0;0;0;;4ABS_LEDA;0,8;0;0;0;0;;4ABS_LEDA;0,8;0;0;0;0;;4ABS_LEDA;0,8;0;0;0;0;;;;;;0;0;0;0;0;;;0;1;4026531840;0;0;0;0;0;1;1;0;;;;;;;;;;;;System.Byte[];1;0;;;1;1;1;-16777216;4026531840;0;1430;;;;;;;;;;;;;;;;1;1;0;1;;;;
COKUL_VIDLJIVI;;COKUL_VIDLJIVI;;;85;86;99;;;EG_U702ST9_18;;1;0;18;0;4ABS_VRATA;0,8;0;0;0;0;;4ABS_VRATA;0,8;0;0;0;0;;4ABS_VRATA;0,8;0;0;0;0;;4ABS_VRATA;0,8;0;0;0;0;;;;;;0;0;0;0;0;;;0;1;4026531840;0;0;0;0;0;1;1;0;;;;;;;;;;;;System.Byte[];1;0;;;1;1;1;-16777216;4026531840;0;1429;;;;;;;;;;;;;;;;1;1;0;1;;;;
LEDA;;LEĐA;;;85;;;;;1HFH04;;1;0;4;0;;0;0;0;0;0;;;0;0;0;0;0;;;0;0;0;0;0;;;0;0;0;0;0;;;;;;-1;-1;-1;-1;0;;;0;1;4026531840;0;0;0;0;0;1;1;0;;;;;;;;;;;;System.Byte[];1;0;;;1;1;1;-16777216;4026531840;0;1434;;;;;;;;;;;;;;;;1;1;0;1;;;;
MS_NEVIDLJIVA;;MASKA NEVIDLJIVA;;;85;86;99;;;EG_W960ST7_18;;1;0;18;0;4ABS_NEVIDLJIVI;0,4;0;0;0;0;;4ABS_NEVIDLJIVI;0,4;0;0;0;0;;4ABS_NEVIDLJIVI;0,4;0;0;0;0;;4ABS_NEVIDLJIVI;0,4;0;0;0;0;;;;;;0;0;0;0;0;;;0;1;4026531840;0;0;0;0;0;1;1;0;;;;;;;;;;;;System.Byte[];1;0;;;1;1;1;-16777216;4026531840;0;1426;;;;;;;;;;;;;;;;1;1;0;1;;;;
STROP_DEKOR;;STROP DEKOR;;;85;14;;;;EG_U702ST9_18;;1;0;18;0;4ABS_VIDLJIVI;0,8;0;0;0;0;;4ABS_VIDLJIVI;0,8;0;0;0;0;;4ABS_VIDLJIVI;0,8;0;0;0;0;;4ABS_VIDLJIVI;0,8;0;0;0;0;;;;;;0;0;0;0;0;;;0;1;4026531840;0;0;0;0;0;1;1;0;;;;;;;;;;;;System.Byte[];1;0;;;1;1;1;-16777216;4026531840;0;1433;;;;;;;;;;;;;;;;1;1;0;1;;;;
STR_DEKOR;;STRANICA DEKOR;;;85;14;;;;EG_U702ST9_18;;1;0;18;0;4ABS_VIDLJIVI;0,8;0;0;0;0;;4ABS_VIDLJIVI;0,8;0;0;0;0;;4ABS_VIDLJIVI;0,8;0;0;0;0;;4ABS_VIDLJIVI;0,8;0;0;0;0;;;;;;0;0;0;0;0;;;0;1;4026531840;0;0;0;0;0;1;1;0;;;;;;;;;;;;System.Byte[];1;0;;;1;1;1;-16777216;4026531840;0;1431;;;;;;;;;;;;;;;;1;1;0;1;;;;
VEZ_PREDNJI;;VEZ_PREDNJI;;;85;;;;;EG_W960ST7_18;;1;0;18;0;4ABS_VIDLJIVI;0,4;0;0;0;0;;4ABS_VIDLJIVI;0,4;0;0;0;0;;4ABS_NEVIDLJIVI;0,4;0;0;0;0;;4ABS_NEVIDLJIVI;0,4;0;0;0;0;;;;;;0;0;0;0;0;;;0;1;4026531840;0;0;0;0;0;1;1;0;;;;;;;;;;;;System.Byte[];1;0;;;1;1;1;-16777216;4026531840;0;1435;;;;;;;;;;;;;;;;1;1;0;1;;;;
POD_DEKOR;;POD DEKOR;;;85;14;;;;EG_U702ST9_18;;1;0;18;0;4ABS_VIDLJIVI;0,8;0;0;0;0;;4ABS_VIDLJIVI;0,8;0;0;0;0;;4ABS_VIDLJIVI;0,8;0;0;0;0;;4ABS_VIDLJIVI;0,8;0;0;0;0;;;;;;0;0;0;0;0;;;0;1;4026531840;0;0;0;0;0;1;1;0;;;;;;;;;;;;System.Byte[];1;0;;;1;1;1;-16777216;4026531840;0;1432;;;;;;;;;;;;;;;;1;1;0;1;;;;
2PREGV25;;PREGRADA VERTIKALNA 25 mm;;;11;;;;;1IL25;;1;0;25;0;4ABS10;1;0;0;0;0;;4ABS10;1;0;0;0;0;;4ABS10;1;0;0;0;0;;4ABS10;1;0;0;0;0;;;;;;0;0;0;0;0;;;0;1;4026531840;0;0;0;0;0;1;1;0;;;;;;;;;;;;System.Byte[];1;0;;;1;1;1;-16777216;4026531840;0;1436;;;;;;;;;;;;;;;;1;1;0;1;;;;
VRATA_MDF_C_RUCKA_DOLE;;VRATA MDF C RUCKA DOLE;;;1;25;33;;;1MDF_GD_18;;1;0;18;0;;0;0;0;0;0;;CRUCKA_GLOD;0;0;0;0;0;;;0;0;0;0;0;;;0;0;0;0;0;;;;8LAK-2X;8LAK-2X;-1;-1;-1;-1;0;;;0;1;4026531840;0;0;0;0;0;1;1;0;CRUCKA_GLODCNC;;;;;;Glodanje C rucke donji rub elementa;c:\MegaCAD_3D_2025\Planles\Ini_dat_hrv\Mtsx\Izmene\Vrata1CRU1_200.png;;;;System.Byte[];1;0;;;1;1;0;-16777216;4026531840;0;1456;;;;;;;;;;;;;;;;1;0;0;0;;;;
FIXNA25;;FIXNA_BRITVELE;;;85;;;;;EG_W960ST7_25;;1;0;25;0;EG_W960ST7_A0833;0,8;0;0;0;0;;EG_W960ST7_A0833;0,8;0;0;0;0;;EG_W960ST7_A0833;0,8;0;0;0;0;;EG_W960ST7_A0833;0,8;0;0;0;0;;;;;;0;0;0;0;0;;;0;1;4026531840;0;0;0;0;0;1;1;0;;;;;;;kantirati ukope;;;;;System.Byte[];1;0;;;1;1;1;-16777216;4026531840;0;1437;;;;;;;;;;;;;;;;1;1;0;1;;;;
VRATA_MDF_C_RUCKA_GORE;;VRATA MDF C RUCKA GORE;;;1;25;33;;;1MDF_GD_18;;1;0;18;0;CRUCKA_GLOD;0;0;0;0;0;;;0;0;0;0;0;;;0;0;0;0;0;;;0;0;0;0;0;;;;8LAK-2X;8LAK-2X;-1;-1;-1;-1;0;;;0;1;4026531840;0;0;0;0;0;1;1;0;CRUCKA_GLODCNC;;;;;;Glodanje C rucke gornji rub elementa;c:\MegaCAD_3D_2025\Planles\Ini_dat_hrv\Mtsx\Izmene\Vrata1CRU1_200.png;;;;System.Byte[];1;0;;;1;1;0;-16777216;4026531840;0;1457;;;;;;;;;;;;;;;;1;0;0;0;;;;
VRATA_MDF_C_RUCKA_LIJEVO;;VRATA MDF C RUCKA LIJEVO;;;1;25;33;;;1MDF_GD_18;;1;0;18;0;;0;0;0;0;0;;;0;0;0;0;0;;CRUCKA_GLOD;0;0;0;0;0;;;0;0;0;0;0;;;;8LAK-2X;8LAK-2X;-1;-1;-1;-1;0;;;0;1;4026531840;0;0;0;0;0;1;1;0;CRUCKA_GLODCNC;;;;;;Glodanje C rucke lijevi rub elementa;c:\MegaCAD_3D_2025\Planles\Ini_dat_hrv\Mtsx\Izmene\Vrata1CRU1_200.png;;;;System.Byte[];1;0;;;1;1;0;-16777216;4026531840;0;1458;;;;;;;;;;;;;;;;1;0;0;0;;;C:\MegaCAD_3D_2025\Planles\Ini_dat_hrv\Mtsx\Fronte\Glodane\Vrata1CR_200.png;
2230003;;“H” SREDIŠNJI horizontalni profil za ER10/M4,;;;5;;;;;2230003;;1;;;;;;;;0;0;;;;;;0;0;;;;;;0;0;;;;;;0;0;;;;;;-1;-1;-1;-1;;;;;4026531840;4026531840;;;;;;1;0;0;;;;;;;;;;;;System.Byte[];;;;;0;0;0;0;4026531840;0;1459;;;;;Okov\Elgrad\2230003.MAC;;;;;;;;;;;1;1;0;1;;;;
2230005;;DONJA vodilica, aluminij eloksirani - dvostruka;;;5;;;;;2230005;;1;;10;;;;;;0;0;;;;;;0;0;;;;;;0;0;;;;;;0;0;;;;;;-1;-1;-1;-1;;;;;4026531840;4026531840;;;;;;1;0;0;;;;;;;;;;;;System.Byte[];;;;;0;0;0;0;4026531840;0;1460;;;;;Okov\Elgrad\2230005.MAC;;;;;;;;;;;1;1;0;1;;;;
